family,seed,n_hosts,nodes,baseline_residual,baseline_min_cost,optimum,fused_disc,fused_resid,fused_gain,fused_needed,fused_ms,no_exact_cut_disc,no_exact_cut_resid,no_exact_cut_gain,no_exact_cut_needed,no_exact_cut_ms,no_identity_disc,no_identity_resid,no_identity_gain,no_identity_needed,no_identity_ms,drop_identity_10_disc,drop_identity_10_resid,drop_identity_10_gain,drop_identity_10_needed,drop_identity_10_ms,drop_identity_25_disc,drop_identity_25_resid,drop_identity_25_gain,drop_identity_25_needed,drop_identity_25_ms,drop_identity_50_disc,drop_identity_50_resid,drop_identity_50_gain,drop_identity_50_needed,drop_identity_50_ms,no_segmentation_disc,no_segmentation_resid,no_segmentation_gain,no_segmentation_needed,no_segmentation_ms,no_vuln_semantics_disc,no_vuln_semantics_resid,no_vuln_semantics_gain,no_vuln_semantics_needed,no_vuln_semantics_ms,uniform_cost_disc,uniform_cost_resid,uniform_cost_gain,uniform_cost_needed,uniform_kendall_tau,uniform_top10_overlap,uniform_cost_ms,identity_only_disc,identity_only_resid,identity_only_gain,identity_only_needed,identity_only_ms,kev_epss_queue_disc,kev_epss_queue_resid,kev_epss_queue_gain,kev_epss_queue_needed,kev_epss_queue_ms,fused_gain_uniform_scoring,uniform_cost_gain_uniform_scoring
single,0,12,66,100,0.478302,1,True,0.0,inf,1,267.3,True,0.0,inf,1,249.4,True,0.0,inf,1,254.0,True,0.0,inf,1,258.4,True,0.0,inf,1,257.8,True,0.0,inf,1,263.8,True,0.0,inf,2,290.8,True,0.0,inf,1,282.4,True,0.0,inf,1,0.4806,0.4,1844.4,False,1.0,0.0,,129.9,False,1.0,0.32862199999999997,8,118.4,inf,inf
single,1,13,76,100,0.961714,1,True,0.0,inf,1,325.7,True,0.0,inf,1,308.0,True,0.0,inf,1,307.0,True,0.0,inf,1,322.2,True,0.0,inf,1,324.0,True,0.0,inf,1,319.8,True,0.0,inf,2,304.8,True,0.0,inf,1,382.8,True,0.0,inf,1,0.3037,0.3,1512.9,False,1.0,0.0,,164.2,False,1.0,0.0,9,127.2,inf,inf
single,2,14,77,100,1.002476,1,True,0.0,inf,1,325.8,True,0.0,inf,1,306.4,True,0.0,inf,1,318.6,True,0.0,inf,1,322.5,True,0.0,inf,1,323.7,True,0.0,inf,1,323.5,True,0.0,inf,1,333.9,True,0.0,inf,1,386.3,True,0.0,inf,1,0.5148,0.4,1559.0,False,1.0,0.0,,155.1,False,1.0,0.01805000000000012,9,169.9,inf,inf
single,3,15,82,100,0.615696,1,True,0.0,inf,1,348.3,True,0.0,inf,1,323.5,True,0.0,inf,1,366.5,True,0.0,inf,1,338.8,True,0.0,inf,1,338.7,True,0.0,inf,1,386.3,True,0.0,inf,2,1374.8,True,0.0,inf,1,422.5,True,0.0,inf,1,0.2361,0.2,1461.0,False,1.0,0.0,,163.5,False,1.0,0.0,10,129.6,inf,inf
single,4,16,82,100,0.424606,1,True,0.0,inf,1,454.8,True,0.0,inf,1,388.2,True,0.0,inf,1,306.0,True,0.0,inf,1,373.8,True,0.0,inf,1,371.4,True,0.0,inf,1,307.8,True,0.0,inf,2,835.8,True,0.0,inf,1,447.6,True,0.0,inf,1,0.1407,0.1,492.2,False,1.0,0.0,,179.6,False,1.0,0.187224,6,140.7,inf,inf
single,5,17,87,100,0.408516,1,True,0.0,inf,1,305.5,True,0.0,inf,1,271.2,True,0.0,inf,1,269.6,True,0.0,inf,1,342.2,True,0.0,inf,1,294.9,True,0.0,inf,1,280.2,True,0.0,inf,2,398.1,True,0.0,inf,1,349.5,True,0.0,inf,1,0.1183,0.3,425.9,False,1.0,0.0,,138.2,False,1.0,0.0,6,126.1,inf,inf
single,6,18,90,100,1.079342,1,True,0.0,inf,1,307.3,True,0.0,inf,1,286.7,True,0.0,inf,1,318.7,True,0.0,inf,1,302.0,True,0.0,inf,1,311.3,True,0.0,inf,1,298.9,True,0.0,inf,2,659.7,True,0.0,inf,1,374.9,True,0.0,inf,1,0.3866,0.4,442.3,False,1.0,0.0,,145.6,False,1.0,0.0,12,123.5,inf,inf
single,7,19,89,100,0.969314,1,True,0.0,inf,1,350.9,True,0.0,inf,1,270.9,True,0.0,inf,1,265.0,True,0.0,inf,1,282.9,True,0.0,inf,1,285.5,True,0.0,inf,1,267.3,True,0.0,inf,2,324.3,True,0.0,inf,1,339.6,True,0.0,inf,1,0.2859,0.2,466.3,False,1.0,0.0,,135.6,False,1.0,0.1738599999999999,7,136.1,inf,inf
single,8,20,107,100,0.763912,1,True,0.0,inf,1,383.6,True,0.0,inf,1,364.9,True,0.0,inf,1,379.5,True,0.0,inf,1,384.8,True,0.0,inf,1,384.5,True,0.0,inf,1,381.7,True,0.0,inf,1,430.1,True,0.0,inf,1,545.8,True,0.0,inf,1,0.1239,0.0,493.4,False,1.0,0.0,,181.8,False,1.0,0.024814000000000003,,141.0,inf,inf
single,9,21,108,100,0.834474,1,True,0.0,inf,1,281.2,True,0.0,inf,1,261.8,True,0.0,inf,1,291.7,True,0.0,inf,1,283.5,True,0.0,inf,1,285.5,True,0.0,inf,1,294.5,True,0.0,inf,2,318.9,True,0.0,inf,1,337.6,True,0.0,inf,1,0.6089,0.7,410.0,False,1.0,0.0,,134.3,False,1.0,0.0,11,115.4,inf,inf
single,10,22,104,100,0.755002,1,True,0.0,inf,1,360.2,True,0.0,inf,1,333.0,True,0.0,inf,1,327.3,True,0.0,inf,1,355.7,True,0.0,inf,1,355.2,True,0.0,inf,1,329.5,True,0.0,inf,2,849.8,True,0.0,inf,1,386.9,True,0.0,inf,1,-0.1156,0.4,541.0,False,1.0,0.0,,171.6,False,1.0,0.009377999999999997,10,157.7,inf,inf
single,11,23,106,100,0.827,1,True,0.0,inf,1,286.4,True,0.0,inf,1,261.2,True,0.0,inf,1,279.4,True,0.0,inf,1,284.7,True,0.0,inf,1,285.0,True,0.0,inf,1,279.0,True,0.0,inf,2,580.8,True,0.0,inf,1,462.8,True,0.0,inf,1,0.512,0.2,392.4,False,1.0,0.0,,133.9,False,1.0,0.1871020000000001,8,112.5,inf,inf
single,12,24,114,100,0.551462,1,True,0.0,inf,1,393.4,True,0.0,inf,1,373.7,True,0.0,inf,1,392.3,True,0.0,inf,1,393.6,True,0.0,inf,1,395.9,True,0.0,inf,1,388.9,True,0.0,inf,1,423.0,True,0.0,inf,1,560.2,True,0.0,inf,1,0.1447,0.0,551.5,False,1.0,0.0,,190.3,True,0.0,inf,1,3.3,inf,inf
single,13,25,127,100,0.687688,1,True,0.0,inf,1,420.0,True,0.0,inf,1,394.5,True,0.0,inf,1,372.3,True,0.0,inf,1,422.2,True,0.0,inf,1,421.3,True,0.0,inf,1,391.8,True,0.0,inf,2,933.7,True,0.0,inf,1,606.6,True,0.0,inf,1,0.0802,0.0,610.3,False,1.0,0.0,,199.4,False,1.0,0.27399000000000007,,151.9,inf,inf
single,14,26,116,100,0.416226,1,True,0.0,inf,1,413.5,True,0.0,inf,1,392.4,True,0.0,inf,1,411.4,True,0.0,inf,1,412.7,True,0.0,inf,1,418.7,True,0.0,inf,1,429.1,True,0.0,inf,1,390.4,True,0.0,inf,1,507.2,True,0.0,inf,1,0.5669,0.6,539.5,False,1.0,0.0,,198.6,True,0.0,inf,2,3.3,inf,inf
single,15,27,131,100,0.705376,1,True,0.0,inf,1,409.9,True,0.0,inf,1,381.5,True,0.0,inf,1,408.4,True,0.0,inf,1,390.3,True,0.0,inf,1,413.1,True,0.0,inf,1,413.3,True,0.0,inf,2,896.0,True,0.0,inf,1,554.8,True,0.0,inf,1,0.151,0.1,567.1,False,1.0,0.0,,196.4,False,1.0,0.17266800000000004,,140.4,inf,inf
single,16,28,134,100,0.894628,1,True,0.0,inf,1,507.9,True,0.0,inf,1,480.8,True,0.0,inf,1,437.3,True,0.0,inf,1,510.1,True,0.0,inf,1,514.4,True,0.0,inf,1,502.4,True,0.0,inf,2,488.4,True,0.0,inf,1,465.6,True,0.0,inf,1,0.2776,0.1,642.2,False,1.0,0.0,,245.1,False,1.0,0.17392600000000003,,188.1,inf,inf
single,17,29,143,100,0.68037,1,True,0.0,inf,1,555.4,True,0.0,inf,1,524.2,True,0.0,inf,1,579.7,True,0.0,inf,1,561.7,True,0.0,inf,1,557.8,True,0.0,inf,1,634.7,True,0.0,inf,2,1043.8,True,0.0,inf,1,645.2,True,0.0,inf,1,0.0608,0.3,693.8,False,1.0,0.0,,272.8,False,1.0,0.0,12,195.7,inf,inf
single,18,30,149,100,1.028768,1,True,0.0,inf,1,612.9,True,0.0,inf,1,546.2,True,0.0,inf,1,578.0,True,0.0,inf,1,585.7,True,0.0,inf,1,579.1,True,0.0,inf,1,580.6,True,0.0,inf,1,578.1,True,0.0,inf,1,749.3,True,0.0,inf,1,0.3444,0.1,688.4,False,1.0,0.0,,298.8,False,1.0,0.008676000000000128,10,198.1,inf,inf
single,19,31,150,100,0.86616,1,True,0.0,inf,1,375.1,True,0.0,inf,1,339.4,True,0.0,inf,1,371.9,True,0.0,inf,1,375.9,True,0.0,inf,1,376.2,True,0.0,inf,1,381.9,True,0.0,inf,1,470.0,True,0.0,inf,1,603.0,True,0.0,inf,1,0.3257,0.2,538.8,False,1.0,0.0,,178.2,False,1.0,0.153802,12,150.9,inf,inf
single,20,32,155,100,0.666898,1,True,0.0,inf,1,485.2,True,0.0,inf,1,450.6,True,0.0,inf,1,450.2,True,0.0,inf,1,507.6,True,0.0,inf,1,536.8,True,0.0,inf,1,611.7,True,0.0,inf,2,530.9,True,0.0,inf,1,546.0,True,0.0,inf,1,0.2704,0.6,652.0,False,1.0,0.0,,232.5,False,1.0,0.171076,,188.4,inf,inf
single,21,33,154,100,0.533962,1,True,0.0,inf,1,606.6,True,0.0,inf,1,551.1,True,0.0,inf,1,549.4,True,0.0,inf,1,587.9,True,0.0,inf,1,581.6,True,0.0,inf,1,588.2,True,0.0,inf,2,967.1,True,0.0,inf,1,695.6,True,0.0,inf,1,0.5431,0.0,737.1,False,1.0,0.0,,279.9,False,1.0,0.08335799999999993,,218.2,inf,inf
single,22,34,160,100,0.82691,1,True,0.0,inf,1,389.9,True,0.0,inf,1,351.1,True,0.0,inf,1,436.2,True,0.0,inf,1,396.9,True,0.0,inf,1,391.4,True,0.0,inf,1,392.5,True,0.0,inf,1,485.5,True,0.0,inf,1,492.7,True,0.0,inf,1,0.2449,0.1,564.8,False,1.0,0.0,,181.8,False,1.0,0.16908800000000002,9,148.7,inf,inf
single,23,35,167,100,0.645306,1,True,0.0,inf,1,649.2,True,0.0,inf,1,610.2,True,0.0,inf,1,686.2,True,0.0,inf,1,660.0,True,0.0,inf,1,653.0,True,0.0,inf,1,653.3,True,0.0,inf,1,586.4,True,0.0,inf,1,804.0,True,0.0,inf,1,0.6431,0.0,750.1,False,1.0,0.0,,313.4,False,1.0,0.02532000000000001,,252.9,inf,inf
single,24,36,161,100,0.880224,1,True,0.0,inf,1,533.7,True,0.0,inf,1,491.7,True,0.0,inf,1,432.6,True,0.0,inf,1,549.8,True,0.0,inf,1,531.3,True,0.0,inf,1,457.8,True,0.0,inf,2,1075.3,True,0.0,inf,1,658.9,True,0.0,inf,1,-0.0049,0.3,682.9,False,1.0,0.0,,255.3,False,1.0,0.17326199999999992,,188.3,inf,inf
single,25,37,179,100,0.61511,1,True,0.0,inf,1,588.1,True,0.0,inf,1,533.4,True,0.0,inf,1,650.2,True,0.0,inf,1,581.6,True,0.0,inf,1,585.2,True,0.0,inf,1,550.3,True,0.0,inf,2,724.8,True,0.0,inf,1,774.9,True,0.0,inf,1,0.1353,0.2,761.3,False,1.0,0.0,,273.4,False,1.0,0.011037999999999992,11,230.8,inf,inf
single,26,38,190,100,0.819578,1,True,0.0,inf,1,695.0,True,0.0,inf,1,643.3,True,0.0,inf,1,748.4,True,0.0,inf,1,690.7,True,0.0,inf,1,693.4,True,0.0,inf,1,708.5,True,0.0,inf,2,2253.4,True,0.0,inf,1,977.3,True,0.0,inf,1,0.2358,0.1,835.2,False,1.0,0.0,,329.1,False,1.0,0.0,,251.9,inf,inf
single,27,39,192,100,0.506192,1,True,0.0,inf,1,703.2,True,0.0,inf,1,601.3,True,0.0,inf,1,628.2,True,0.0,inf,1,656.4,True,0.0,inf,1,652.1,True,0.0,inf,1,862.9,True,0.0,inf,2,1751.7,True,0.0,inf,1,845.7,True,0.0,inf,1,0.5501,0.4,835.9,False,1.0,0.0,,315.2,False,1.0,0.298226,,240.9,inf,inf
single,28,40,201,100,0.573974,1,True,0.0,inf,1,618.1,True,0.0,inf,1,558.4,True,0.0,inf,1,668.0,True,0.0,inf,1,656.4,True,0.0,inf,1,616.9,True,0.0,inf,1,743.3,True,0.0,inf,2,818.8,True,0.0,inf,1,750.8,True,0.0,inf,1,0.4562,0.3,833.8,False,1.0,0.0,,295.1,False,1.0,0.0,,251.2,inf,inf
single,29,41,193,100,0.762602,1,True,0.0,inf,1,710.7,True,0.0,inf,1,618.8,True,0.0,inf,1,554.2,True,0.0,inf,1,672.8,True,0.0,inf,1,677.6,True,0.0,inf,1,673.8,True,0.0,inf,2,686.5,True,0.0,inf,1,924.4,True,0.0,inf,1,0.1078,0.0,834.8,False,1.0,0.0,,323.0,False,1.0,0.014294000000000029,,259.1,inf,inf
single,30,42,200,100,0.584728,1,True,0.0,inf,1,839.6,True,0.0,inf,1,780.0,True,0.0,inf,1,768.9,True,0.0,inf,1,831.8,True,0.0,inf,1,881.6,True,0.0,inf,1,775.6,True,0.0,inf,2,1478.9,True,0.0,inf,1,961.6,True,0.0,inf,1,0.5827,0.0,985.2,False,1.0,0.0,,401.3,False,1.0,0.003498000000000001,,360.3,inf,inf
single,31,43,190,100,0.807764,1,True,0.0,inf,1,806.9,True,0.0,inf,1,761.1,True,0.0,inf,1,671.7,True,0.0,inf,1,817.2,True,0.0,inf,1,816.7,True,0.0,inf,1,710.9,True,0.0,inf,2,1227.7,True,0.0,inf,1,822.6,True,0.0,inf,1,0.6465,0.0,930.1,False,1.0,0.0,,394.1,False,1.0,0.024823999999999957,,363.6,inf,inf
single,32,44,209,100,0.778696,1,True,0.0,inf,1,727.2,True,0.0,inf,1,654.8,True,0.0,inf,1,647.3,True,0.0,inf,1,723.3,True,0.0,inf,1,729.0,True,0.0,inf,1,808.1,True,0.0,inf,2,1409.2,True,0.0,inf,1,843.6,True,0.0,inf,1,0.3324,0.4,900.9,False,1.0,0.0,,341.3,False,1.0,0.0,,186.6,inf,inf
single,33,45,209,100,0.41361,1,True,0.0,inf,1,855.5,True,0.0,inf,1,789.5,True,0.0,inf,1,747.2,True,0.0,inf,1,899.5,True,0.0,inf,1,853.8,True,0.0,inf,1,843.5,True,0.0,inf,2,1340.9,True,0.0,inf,1,949.6,True,0.0,inf,1,0.3786,0.0,1034.4,False,1.0,0.0,,400.8,False,1.0,0.003636000000000028,,404.1,inf,inf
single,34,46,219,100,0.668868,1,True,0.0,inf,1,925.3,True,0.0,inf,1,817.1,True,0.0,inf,1,735.3,True,0.0,inf,1,881.7,True,0.0,inf,1,884.5,True,0.0,inf,1,873.8,True,0.0,inf,2,3159.4,True,0.0,inf,1,1017.0,True,0.0,inf,1,0.751,0.0,1021.8,False,1.0,0.0,,425.2,False,1.0,0.16026600000000002,,328.5,inf,inf
single,35,47,219,100,0.438976,1,True,0.0,inf,1,735.4,True,0.0,inf,1,670.1,True,0.0,inf,1,694.7,True,0.0,inf,1,747.7,True,0.0,inf,1,743.4,True,0.0,inf,1,657.7,True,0.0,inf,2,3480.1,True,0.0,inf,1,1184.9,True,0.0,inf,1,0.3598,0.0,977.2,False,1.0,0.0,,359.5,False,1.0,0.0,7,319.8,inf,inf
single,36,48,225,100,0.473072,1,True,0.0,inf,1,770.1,True,0.0,inf,1,696.4,True,0.0,inf,1,828.4,True,0.0,inf,1,776.9,True,0.0,inf,1,777.2,True,0.0,inf,1,732.3,True,0.0,inf,2,856.2,True,0.0,inf,1,993.4,True,0.0,inf,1,0.5794,0.3,1018.4,False,1.0,0.0,,365.1,False,1.0,0.016878000000000004,,343.7,inf,inf
single,37,49,225,100,0.686466,1,True,0.0,inf,1,867.3,True,0.0,inf,1,791.5,True,0.0,inf,1,711.0,True,0.0,inf,1,878.4,True,0.0,inf,1,920.5,True,0.0,inf,1,728.1,True,0.0,inf,2,2233.4,True,0.0,inf,1,1028.6,True,0.0,inf,1,0.0412,0.0,1067.0,False,1.0,0.0,,418.9,False,1.0,0.07388600000000001,,331.8,inf,inf
single,38,50,227,100,0.518608,1,True,0.0,inf,1,917.7,True,0.0,inf,1,848.6,True,0.0,inf,1,801.3,True,0.0,inf,1,920.2,True,0.0,inf,1,914.7,True,0.0,inf,1,915.3,True,0.0,inf,2,3475.5,True,0.0,inf,1,1118.2,True,0.0,inf,1,-0.0653,0.0,1053.7,False,1.0,0.0,,440.3,False,1.0,0.522394,,293.6,inf,inf
single,39,51,236,100,0.670756,1,True,0.0,inf,1,924.1,True,0.0,inf,1,838.7,True,0.0,inf,1,854.0,True,0.0,inf,1,927.2,True,0.0,inf,1,925.4,True,0.0,inf,1,802.2,True,0.0,inf,2,991.5,True,0.0,inf,1,1033.6,True,0.0,inf,1,0.5274,0.1,1121.0,False,1.0,0.0,,441.3,False,1.0,0.024975999999999998,,370.3,inf,inf
single,40,52,239,100,0.406298,1,True,0.0,inf,1,1101.2,True,0.0,inf,1,982.6,True,0.0,inf,1,936.6,True,0.0,inf,1,1055.9,True,0.0,inf,1,1064.5,True,0.0,inf,1,1111.1,True,0.0,inf,2,1588.3,True,0.0,inf,1,1209.0,True,0.0,inf,1,0.7985,0.0,1196.7,False,1.0,0.0,,512.3,False,1.0,0.03240599999999999,,389.1,inf,inf
single,41,53,245,100,0.554178,1,True,0.0,inf,1,963.8,True,0.0,inf,1,876.7,True,0.0,inf,1,836.0,True,0.0,inf,1,960.3,True,0.0,inf,1,1001.7,True,0.0,inf,1,1024.9,True,0.0,inf,2,1739.2,True,0.0,inf,1,1159.4,True,0.0,inf,1,0.7196,0.4,1151.3,False,1.0,0.0,,458.8,False,1.0,0.02499400000000007,,376.1,inf,inf
single,42,54,262,100,0.42649,1,True,0.0,inf,1,991.4,True,0.0,inf,1,851.3,True,0.0,inf,1,1079.6,True,0.0,inf,1,942.1,True,0.0,inf,1,944.6,True,0.0,inf,1,1218.5,True,0.0,inf,2,1163.7,True,0.0,inf,1,1146.3,True,0.0,inf,1,0.3644,0.2,1237.2,False,1.0,0.0,,449.1,False,1.0,0.023940000000000017,,355.3,inf,inf
single,43,55,253,100,0.602306,1,True,0.0,inf,1,1103.2,True,0.0,inf,1,968.2,True,0.0,inf,1,887.1,True,0.0,inf,1,1057.1,True,0.0,inf,1,1057.8,True,0.0,inf,1,1090.2,True,0.0,inf,2,1677.6,True,0.0,inf,1,1242.5,True,0.0,inf,1,0.6719,0.0,1269.4,False,1.0,0.0,,509.3,False,1.0,0.02052799999999999,,471.6,inf,inf
single,44,56,253,100,0.396914,1,True,0.0,inf,1,888.5,True,0.0,inf,1,802.7,True,0.0,inf,1,904.7,True,0.0,inf,1,887.8,True,0.0,inf,1,938.8,True,0.0,inf,1,829.6,True,0.0,inf,2,1061.6,True,0.0,inf,1,1088.4,True,0.0,inf,1,0.2341,0.1,1184.2,False,1.0,0.0,,430.6,False,1.0,0.16037800000000002,,389.8,inf,inf
single,45,57,261,100,0.493502,1,True,0.0,inf,1,937.7,True,0.0,inf,1,843.2,True,0.0,inf,1,943.6,True,0.0,inf,1,940.0,True,0.0,inf,1,946.1,True,0.0,inf,1,883.7,True,0.0,inf,2,1809.6,True,0.0,inf,1,1103.9,True,0.0,inf,1,0.6418,0.2,1192.9,False,1.0,0.0,,496.2,False,1.0,0.0,,419.1,inf,inf
single,46,58,272,100,1.017498,1,True,0.0,inf,1,895.9,True,0.0,inf,1,792.0,True,0.0,inf,1,894.0,True,0.0,inf,1,933.7,True,0.0,inf,1,879.4,True,0.0,inf,1,892.1,True,0.0,inf,1,958.8,True,0.0,inf,1,1316.6,True,0.0,inf,1,0.6164,0.1,1151.3,False,1.0,0.0,,416.8,False,1.0,0.013207999999999886,,365.3,inf,inf
single,47,59,286,100,0.766428,1,True,0.0,inf,1,1032.0,True,0.0,inf,1,920.8,True,0.0,inf,1,1050.5,True,0.0,inf,1,1030.1,True,0.0,inf,1,1034.6,True,0.0,inf,1,1200.6,True,0.0,inf,2,3039.6,True,0.0,inf,1,1336.3,True,0.0,inf,1,-0.1756,0.2,1357.3,False,1.0,0.0,,496.9,False,1.0,0.0,,455.9,inf,inf
single,48,60,290,100,0.493586,1,True,0.0,inf,1,1021.4,True,0.0,inf,1,902.5,True,0.0,inf,1,1090.7,True,0.0,inf,1,1039.2,True,0.0,inf,1,1040.5,True,0.0,inf,1,1168.6,True,0.0,inf,2,2022.9,True,0.0,inf,1,1269.7,True,0.0,inf,1,0.6893,0.2,1377.8,False,1.0,0.0,,486.0,False,1.0,0.0,,421.4,inf,inf
single,49,12,65,100,1.048358,1,True,0.0,inf,1,254.1,True,0.0,inf,1,251.1,True,0.0,inf,1,235.2,True,0.0,inf,1,262.4,True,0.0,inf,1,260.6,True,0.0,inf,1,237.4,True,0.0,inf,2,283.7,True,0.0,inf,1,283.8,True,0.0,inf,1,0.68,0.7,374.9,False,1.0,0.0,,125.8,False,1.0,0.0,6,120.6,inf,inf
multi,0,12,71,100,0.748752,2,True,0.0,inf,2,261.9,True,0.0,inf,2,240.2,False,1.0,0.08228400000000002,,363.2,True,0.0,inf,2,250.3,True,0.0,inf,2,252.4,True,0.0,inf,2,253.4,True,0.0,inf,2,554.2,True,0.0,inf,2,334.0,True,0.0,inf,2,0.3079,0.4,376.4,False,1.0,0.0,,117.9,False,1.0,0.08228400000000002,12,104.2,inf,inf
multi,1,13,71,100,0.4733,2,True,0.0,inf,2,718.9,True,0.0,inf,2,702.3,False,1.0,0.33856,,535.9,True,0.0,inf,2,718.1,True,0.0,inf,2,720.4,True,0.0,inf,2,786.5,True,0.0,inf,2,673.3,True,0.0,inf,2,758.2,True,0.0,inf,2,0.715,0.0,444.6,False,1.0,0.0,,184.5,False,1.0,0.024984000000000006,11,125.1,inf,inf
multi,2,14,81,100,0.384942,2,True,0.0,inf,2,307.8,True,0.0,inf,2,297.2,False,1.0,0.0,,485.7,True,0.0,inf,2,307.0,True,0.0,inf,2,293.7,True,0.0,inf,2,358.7,True,0.0,inf,2,746.2,True,0.0,inf,2,384.9,True,0.0,inf,2,0.0841,0.3,430.4,False,1.0,0.0,,148.0,False,1.0,0.017764000000000002,,120.7,inf,inf
multi,3,15,85,100,0.64361,2,True,0.0,inf,2,572.6,True,0.0,inf,3,295.2,False,1.0,0.0,,468.8,True,0.0,inf,2,571.7,True,0.0,inf,2,569.2,False,1.0,0.186222,,426.4,True,0.0,inf,2,822.4,True,0.0,inf,2,333.6,True,0.0,inf,2,0.1251,0.6,443.7,False,1.0,0.0,,141.1,False,1.0,0.186222,,120.9,inf,inf
multi,4,16,89,100,0.228574,2,True,0.0,inf,2,937.5,True,0.0,inf,3,598.9,False,1.0,0.0,,536.7,True,0.0,inf,2,945.7,True,0.0,inf,2,940.5,True,0.0,inf,2,1056.5,True,0.0,inf,2,1218.7,True,0.0,inf,2,1145.0,True,0.0,inf,2,0.4579,0.2,508.2,False,1.0,0.0,,167.4,False,1.0,0.18039,,133.6,inf,inf
multi,5,17,95,100,0.568954,2,True,0.0,inf,2,339.3,True,0.0,inf,2,324.9,False,1.0,0.0,,522.3,True,0.0,inf,2,338.6,True,0.0,inf,2,340.2,True,0.0,inf,2,332.0,True,0.0,inf,2,944.5,True,0.0,inf,2,417.3,True,0.0,inf,2,0.3154,0.3,477.6,False,1.0,0.0,,159.5,False,1.0,0.173686,,138.4,inf,inf
multi,6,18,95,100,0.693502,2,True,0.0,inf,2,355.4,True,0.0,inf,2,356.6,False,1.0,0.05486800000000003,,506.4,True,0.0,inf,2,358.5,True,0.0,inf,2,359.7,True,0.0,inf,2,354.2,True,0.0,inf,2,378.4,True,0.0,inf,2,386.7,True,0.0,inf,2,0.5807,0.0,490.4,False,1.0,0.0,,168.5,False,1.0,0.05486800000000003,,142.7,inf,inf
multi,7,19,105,100,0.235,2,True,0.0,inf,2,1202.9,True,0.0,inf,3,800.5,False,1.0,0.0,,666.0,True,0.0,inf,2,1203.5,True,0.0,inf,2,1191.6,True,0.0,inf,2,1208.9,True,0.0,inf,2,908.2,True,0.0,inf,2,1418.0,True,0.0,inf,2,0.2609,0.0,523.7,False,1.0,0.0,,198.0,False,1.0,0.0,,181.7,inf,inf
multi,8,20,101,100,0.407492,2,True,0.0,inf,2,1072.3,True,0.0,inf,3,708.5,False,1.0,0.0,,614.9,True,0.0,inf,2,1076.9,True,0.0,inf,2,1196.3,True,0.0,inf,2,1285.4,True,0.0,inf,2,1237.7,True,0.0,inf,2,1261.2,True,0.0,inf,2,0.2992,0.1,510.0,False,1.0,0.0,,183.2,False,1.0,0.173286,,147.0,inf,inf
multi,9,21,121,100,0.50129,2,True,0.0,inf,2,399.2,True,0.0,inf,2,375.0,False,1.0,0.0,,525.5,True,0.0,inf,2,393.8,True,0.0,inf,2,403.8,True,0.0,inf,2,392.6,True,0.0,inf,2,1273.1,True,0.0,inf,2,435.6,True,0.0,inf,2,0.5655,0.3,540.5,False,1.0,0.0,,187.1,False,1.0,0.18098199999999998,,178.5,inf,inf
multi,10,22,113,100,0.600976,2,True,0.0,inf,2,981.0,False,1.0,0.2883180000000001,4,728.8,False,1.0,0.06008000000000002,,574.8,True,0.0,inf,2,985.2,True,0.0,inf,2,983.4,True,0.0,inf,2,963.3,True,0.0,inf,2,1190.1,True,0.0,inf,2,1083.6,True,0.0,inf,2,0.2244,0.0,560.7,False,1.0,0.0,,208.7,False,1.0,0.22075200000000006,,149.3,inf,inf
multi,11,23,119,100,0.729132,2,True,0.0,inf,2,379.9,True,0.0,inf,2,353.9,False,1.0,0.0,,550.3,True,0.0,inf,2,381.0,True,0.0,inf,2,380.7,True,0.0,inf,2,380.0,True,0.0,inf,2,742.3,True,0.0,inf,2,424.2,True,0.0,inf,2,0.4964,0.2,554.2,False,1.0,0.0,,178.7,False,1.0,0.11133000000000004,,168.8,inf,inf
multi,12,24,123,100,0.738412,2,True,0.0,inf,2,519.6,True,0.0,inf,2,450.6,False,1.0,0.0,,694.1,True,0.0,inf,2,478.3,True,0.0,inf,2,475.8,True,0.0,inf,2,492.5,True,0.0,inf,2,1226.2,True,0.0,inf,2,1253.0,True,0.0,inf,2,0.3943,0.1,614.4,False,1.0,0.0,,231.3,False,1.0,0.0,,189.7,inf,inf
multi,13,25,127,100,0.639372,2,True,0.0,inf,2,924.8,True,0.0,inf,2,900.1,False,1.0,0.0,,696.2,True,0.0,inf,2,932.8,True,0.0,inf,2,493.0,True,0.0,inf,2,497.5,True,0.0,inf,2,988.0,True,0.0,inf,2,986.8,True,0.0,inf,2,0.3897,0.0,617.3,False,1.0,0.0,,225.3,False,1.0,0.0,,216.4,inf,inf
multi,14,26,137,100,0.48847,2,True,0.0,inf,2,1607.7,True,0.0,inf,3,1045.0,False,1.0,0.0,,854.4,True,0.0,inf,2,1596.6,True,0.0,inf,2,1579.0,True,0.0,inf,2,1580.3,True,0.0,inf,2,618.9,True,0.0,inf,2,1968.9,True,0.0,inf,2,0.2805,0.0,677.9,False,1.0,0.0,,273.9,False,1.0,0.08239199999999997,,229.4,inf,inf
multi,15,27,149,100,0.469476,2,True,0.0,inf,2,519.3,True,0.0,inf,2,488.7,False,1.0,0.08013599999999999,,692.8,True,0.0,inf,2,517.4,True,0.0,inf,2,518.3,True,0.0,inf,2,499.1,True,0.0,inf,2,2074.6,True,0.0,inf,2,685.1,True,0.0,inf,2,0.0721,0.1,675.8,False,1.0,0.0,,245.8,False,1.0,0.21055400000000002,,178.0,inf,inf
multi,16,28,149,100,0.276014,2,True,0.0,inf,2,1740.8,True,0.0,inf,3,1116.1,False,1.0,0.11459600000000003,,825.4,True,0.0,inf,2,1707.2,True,0.0,inf,2,1703.6,True,0.0,inf,2,1769.3,True,0.0,inf,2,1256.6,True,0.0,inf,2,2016.8,True,0.0,inf,2,0.0672,0.0,733.1,False,1.0,0.0,,285.9,False,1.0,0.02499800000000002,,229.5,inf,inf
multi,17,29,157,100,0.823942,2,True,0.0,inf,2,495.4,True,0.0,inf,2,458.3,False,1.0,0.0,,708.2,True,0.0,inf,2,540.8,True,0.0,inf,2,519.4,False,1.0,0.09652400000000005,,706.9,True,0.0,inf,2,1141.8,True,0.0,inf,2,634.1,True,0.0,inf,2,0.3403,0.0,689.0,False,1.0,0.0,,232.7,False,1.0,0.0,,197.4,inf,inf
multi,18,30,155,100,0.522376,2,True,0.0,inf,2,1797.0,True,0.0,inf,3,1177.8,False,1.0,0.0,,948.9,True,0.0,inf,2,1795.8,True,0.0,inf,2,1802.9,True,0.0,inf,2,633.5,True,0.0,inf,2,681.3,True,0.0,inf,2,1355.9,True,0.0,inf,2,0.5509,0.0,755.9,False,1.0,0.0,,302.3,False,1.0,0.11759800000000009,,259.2,inf,inf
multi,19,31,165,100,0.568854,2,True,0.0,inf,2,1640.6,True,0.0,inf,3,1086.3,False,1.0,0.0,,765.6,True,0.0,inf,2,1639.0,True,0.0,inf,2,1629.2,True,0.0,inf,2,1600.6,True,0.0,inf,2,579.7,True,0.0,inf,2,1724.5,True,0.0,inf,2,-0.0259,0.1,751.8,False,1.0,0.0,,277.8,False,1.0,0.0,,223.2,inf,inf
multi,20,32,163,100,0.753574,2,True,0.0,inf,2,1244.0,True,0.0,inf,2,1202.6,False,1.0,0.0,,943.7,True,0.0,inf,2,1250.5,True,0.0,inf,2,1291.7,True,0.0,inf,2,653.4,True,0.0,inf,2,575.1,True,0.0,inf,2,1294.9,True,0.0,inf,2,0.6,0.1,803.9,False,1.0,0.0,,313.0,False,1.0,0.0,,282.6,inf,inf
multi,21,33,181,100,0.130582,2,True,0.0,inf,2,1280.4,True,0.0,inf,2,1229.4,False,1.0,0.253656,,974.8,True,0.0,inf,2,1286.7,True,0.0,inf,2,1282.6,True,0.0,inf,2,1343.3,True,0.0,inf,2,3284.1,True,0.0,inf,2,1688.3,True,0.0,inf,2,0.1346,0.0,842.6,False,1.0,0.0,,333.4,False,1.0,0.218986,,257.9,inf,inf
multi,22,34,181,100,0.380424,2,True,0.0,inf,2,2152.3,True,0.0,inf,3,1399.0,False,1.0,0.0,,1047.4,True,0.0,inf,2,2148.7,True,0.0,inf,2,2144.9,True,0.0,inf,2,2194.5,True,0.0,inf,2,2425.1,True,0.0,inf,2,2611.9,True,0.0,inf,2,0.6066,0.1,905.4,False,1.0,0.0,,372.7,True,0.0,inf,3,5.7,inf,inf
multi,23,35,173,100,0.55178,2,True,0.0,inf,2,2058.6,True,0.0,inf,3,1353.4,False,1.0,0.0,,1089.7,True,0.0,inf,2,2092.9,True,0.0,inf,2,2075.8,True,0.0,inf,2,2211.8,True,0.0,inf,2,695.0,True,0.0,inf,2,1663.0,True,0.0,inf,2,0.5584,0.1,865.6,False,1.0,0.0,,343.5,False,1.0,0.011597999999999997,,277.0,inf,inf
multi,24,36,187,100,0.57706,2,True,0.0,inf,2,2063.5,False,1.0,0.182952,4,1614.3,False,1.0,0.0,,979.3,True,0.0,inf,2,2061.1,True,0.0,inf,2,2096.3,True,0.0,inf,2,796.3,True,0.0,inf,2,1872.5,True,0.0,inf,2,811.0,True,0.0,inf,2,0.7101,0.4,919.0,False,1.0,0.0,,362.8,False,1.0,0.0,,288.2,inf,inf
multi,25,37,191,100,0.580234,2,True,0.0,inf,2,669.6,True,0.0,inf,2,615.4,False,1.0,0.0,,1084.2,True,0.0,inf,2,709.1,True,0.0,inf,2,1882.6,True,0.0,inf,2,1854.8,True,0.0,inf,2,710.2,True,0.0,inf,2,1530.4,True,0.0,inf,2,0.7067,0.0,958.4,False,1.0,0.0,,324.2,False,1.0,0.0,,273.5,inf,inf
multi,26,38,201,100,0.253104,2,True,0.0,inf,2,2570.3,False,1.0,0.449558,4,2156.0,False,1.0,0.085866,,1137.9,True,0.0,inf,2,2565.9,True,0.0,inf,2,2566.2,True,0.0,inf,2,2593.6,True,0.0,inf,2,1482.9,True,0.0,inf,2,4182.2,True,0.0,inf,2,0.7896,0.0,983.5,False,1.0,0.0,,383.7,False,1.0,0.023940000000000017,,362.2,inf,inf
multi,27,39,207,100,0.559828,2,True,0.0,inf,2,3090.2,True,0.0,inf,3,2298.9,False,1.0,0.0,,1236.8,True,0.0,inf,2,3090.3,True,0.0,inf,2,3107.4,True,0.0,inf,2,3087.9,True,0.0,inf,2,2607.3,True,0.0,inf,2,1934.0,True,0.0,inf,2,0.747,0.0,997.1,False,1.0,0.0,,394.9,False,1.0,0.0,,343.0,inf,inf
multi,28,40,207,100,0.267146,2,True,0.0,inf,2,1673.1,True,0.0,inf,2,1622.6,False,1.0,0.0,,1247.6,True,0.0,inf,2,1720.4,True,0.0,inf,2,1682.9,True,0.0,inf,2,1683.4,True,0.0,inf,2,1651.3,True,0.0,inf,2,2058.5,True,0.0,inf,2,0.7483,0.0,1058.9,False,1.0,0.0,,410.3,False,1.0,0.0,,291.1,inf,inf
multi,29,41,221,100,0.294704,2,True,0.0,inf,2,828.4,True,0.0,inf,2,757.6,False,1.0,0.05499999999999999,,1131.6,True,0.0,inf,2,823.9,True,0.0,inf,2,1426.5,True,0.0,inf,2,1519.8,True,0.0,inf,2,828.0,True,0.0,inf,2,1018.8,True,0.0,inf,2,0.4522,0.0,1026.7,False,1.0,0.0,,384.9,False,1.0,0.04665399999999997,,377.9,inf,inf
multi,30,42,213,100,0.135338,2,True,0.0,inf,2,1553.2,True,0.0,inf,2,1463.6,False,1.0,0.39863999999999994,,1168.3,True,0.0,inf,2,1532.0,True,0.0,inf,2,1525.5,True,0.0,inf,2,1482.5,True,0.0,inf,2,1817.9,True,0.0,inf,2,2054.0,True,0.0,inf,2,-0.0356,0.0,1043.7,False,1.0,0.0,,405.3,False,1.0,0.39863999999999994,8,267.1,inf,inf
multi,31,43,229,100,0.467376,2,True,0.0,inf,2,1629.4,True,0.0,inf,2,1557.1,False,1.0,0.0,,1226.3,True,0.0,inf,2,1629.7,True,0.0,inf,2,1670.7,True,0.0,inf,2,1667.7,True,0.0,inf,2,745.0,True,0.0,inf,2,1943.0,True,0.0,inf,2,0.9685,0.2,1121.7,False,1.0,0.0,,405.7,False,1.0,0.27878400000000003,,370.8,inf,inf
multi,32,44,229,100,0.470432,2,True,0.0,inf,2,1686.8,True,0.0,inf,2,1615.7,False,1.0,0.0,,1313.4,True,0.0,inf,2,1729.9,True,0.0,inf,2,1695.5,True,0.0,inf,2,1684.7,True,0.0,inf,2,1596.8,True,0.0,inf,2,2012.6,True,0.0,inf,2,0.7099,0.0,1065.5,False,1.0,0.0,,407.4,False,1.0,0.19684200000000002,,407.8,inf,inf
multi,33,45,229,100,0.74044,2,True,0.0,inf,2,1397.3,True,0.0,inf,2,1345.0,False,1.0,0.07500399999999996,,1081.4,True,0.0,inf,2,1449.9,True,0.0,inf,2,1403.3,True,0.0,inf,2,1414.1,True,0.0,inf,2,1481.1,True,0.0,inf,2,1718.9,True,0.0,inf,2,0.238,0.0,1056.1,False,1.0,0.0,,370.0,False,1.0,0.020878000000000063,,330.0,inf,inf
multi,34,46,233,100,0.317662,2,True,0.0,inf,2,1721.6,True,0.0,inf,2,1585.9,False,1.0,0.09079799999999999,,1291.4,True,0.0,inf,2,1671.9,True,0.0,inf,2,1669.4,True,0.0,inf,2,1716.1,True,0.0,inf,2,1771.1,True,0.0,inf,2,1938.2,True,0.0,inf,2,0.6306,0.0,1144.3,False,1.0,0.0,,443.7,False,1.0,0.024760000000000004,,414.3,inf,inf
multi,35,47,247,100,0.210538,2,True,0.0,inf,2,1676.1,True,0.0,inf,2,1620.3,False,1.0,0.0,,1294.1,True,0.0,inf,2,1740.1,True,0.0,inf,2,1688.2,True,0.0,inf,2,1673.1,True,0.0,inf,2,1711.6,True,0.0,inf,2,2086.4,True,0.0,inf,2,0.737,0.0,1109.2,False,1.0,0.0,,404.1,False,1.0,0.0,,355.3,inf,inf
multi,36,48,257,100,0.40598,2,True,0.0,inf,2,904.6,True,0.0,inf,2,833.1,False,1.0,0.0,,1359.0,True,0.0,inf,2,916.5,True,0.0,inf,2,913.7,True,0.0,inf,2,2594.0,True,0.0,inf,2,890.0,True,0.0,inf,2,1097.2,True,0.0,inf,2,0.8542,0.1,1177.2,False,1.0,0.0,,429.5,False,1.0,0.0,,402.6,inf,inf
multi,37,49,261,100,0.378412,2,True,0.0,inf,2,1715.3,True,0.0,inf,2,1629.8,False,1.0,0.0,,1377.2,True,0.0,inf,2,1714.3,True,0.0,inf,2,1783.7,True,0.0,inf,2,1709.5,True,0.0,inf,2,1737.2,True,0.0,inf,2,2074.7,True,0.0,inf,2,0.6014,0.1,1150.8,False,1.0,0.0,,401.4,False,1.0,0.023567999999999978,,369.9,inf,inf
multi,38,50,257,100,0.371594,2,True,0.0,inf,2,2778.9,True,0.0,inf,3,1793.8,False,1.0,0.0,,1442.7,True,0.0,inf,2,2729.0,True,0.0,inf,2,2930.8,True,0.0,inf,2,2953.8,True,0.0,inf,2,2307.7,True,0.0,inf,2,4338.6,True,0.0,inf,2,0.8559,0.0,1207.3,False,1.0,0.0,,469.0,False,1.0,0.21134600000000003,,464.3,inf,inf
multi,39,51,251,100,0.225622,2,True,0.0,inf,2,1796.1,True,0.0,inf,2,1702.2,False,1.0,0.0,,1407.7,True,0.0,inf,2,1792.8,True,0.0,inf,2,1791.3,True,0.0,inf,2,3114.4,True,0.0,inf,2,1780.9,True,0.0,inf,2,1938.1,True,0.0,inf,2,0.6301,0.1,2006.1,False,1.0,0.0,,479.8,False,1.0,0.17948600000000003,,427.3,inf,inf
multi,40,52,267,100,0.674682,2,True,0.0,inf,2,1875.4,True,0.0,inf,2,1746.9,False,1.0,0.07375399999999999,,1301.3,True,0.0,inf,2,1848.2,True,0.0,inf,2,1897.0,True,0.0,inf,2,1829.9,True,0.0,inf,2,1567.5,True,0.0,inf,2,2036.9,True,0.0,inf,2,0.7131,0.0,1277.4,False,1.0,0.0,,471.7,False,1.0,0.007244000000000028,,413.8,inf,inf
multi,41,53,279,100,0.330118,2,True,0.0,inf,2,2034.3,True,0.0,inf,2,1937.8,False,1.0,0.07464599999999999,,1464.5,True,0.0,inf,2,2089.5,True,0.0,inf,2,2036.5,True,0.0,inf,2,2104.1,True,0.0,inf,2,1877.9,True,0.0,inf,2,2362.9,True,0.0,inf,2,0.6411,0.0,1313.4,False,1.0,0.0,,544.8,False,1.0,0.17350599999999994,,461.3,inf,inf
multi,42,54,273,100,0.47367,2,True,0.0,inf,2,4680.9,True,0.0,inf,3,2911.1,False,1.0,0.06919000000000003,,1446.7,True,0.0,inf,2,4704.8,True,0.0,inf,2,4700.9,True,0.0,inf,2,4641.0,True,0.0,inf,2,1798.1,True,0.0,inf,2,2188.4,True,0.0,inf,2,0.543,0.0,2186.4,False,1.0,0.0,,557.4,False,1.0,0.015606000000000009,,475.4,inf,inf
multi,43,55,271,100,0.321266,2,True,0.0,inf,2,3844.4,True,0.0,inf,3,2850.7,False,1.0,0.06145800000000001,,1499.3,True,0.0,inf,2,3859.8,True,0.0,inf,2,4701.3,True,0.0,inf,2,3924.0,True,0.0,inf,2,1838.1,True,0.0,inf,2,4483.0,True,0.0,inf,2,0.4697,0.0,1337.9,False,1.0,0.0,,504.0,False,1.0,0.03572200000000003,,467.2,inf,inf
multi,44,56,293,100,0.48448,2,True,0.0,inf,2,1794.2,True,0.0,inf,2,1655.8,False,1.0,0.0,,1516.8,True,0.0,inf,2,1750.8,True,0.0,inf,2,1808.9,True,0.0,inf,2,1811.1,True,0.0,inf,2,1218.6,True,0.0,inf,2,2026.9,True,0.0,inf,2,0.686,0.1,1291.4,False,1.0,0.0,,426.2,False,1.0,0.0,,409.9,inf,inf
multi,45,57,295,100,0.464194,2,True,0.0,inf,2,2934.4,True,0.0,inf,3,1871.7,False,1.0,0.0,,1779.0,True,0.0,inf,2,2948.8,True,0.0,inf,2,4088.3,True,0.0,inf,2,4151.8,True,0.0,inf,2,3349.0,True,0.0,inf,2,2456.8,True,0.0,inf,2,0.3005,0.0,1414.8,False,1.0,0.0,,536.5,False,1.0,0.0,,434.4,inf,inf
multi,46,58,295,100,0.622746,2,True,0.0,inf,2,2000.8,True,0.0,inf,2,1892.7,False,1.0,0.0,,1546.6,True,0.0,inf,2,2038.1,True,0.0,inf,2,1997.1,True,0.0,inf,2,2055.5,True,0.0,inf,2,2108.6,True,0.0,inf,2,2349.5,True,0.0,inf,2,0.3783,0.0,1477.2,False,1.0,0.0,,506.6,False,1.0,0.0,,426.4,inf,inf
multi,47,59,307,100,0.326004,2,True,0.0,inf,2,2035.0,True,0.0,inf,2,1898.9,False,1.0,0.254006,,1649.7,True,0.0,inf,2,2034.0,True,0.0,inf,2,2077.2,True,0.0,inf,2,2127.7,True,0.0,inf,2,2232.0,True,0.0,inf,2,2423.3,True,0.0,inf,2,0.7094,0.0,1487.4,False,1.0,0.0,,570.4,False,1.0,0.024975999999999998,,523.0,inf,inf
multi,48,60,317,100,0.505688,2,True,0.0,inf,2,4881.1,True,0.0,inf,3,3024.2,False,1.0,0.07234600000000002,,1615.2,True,0.0,inf,2,4971.7,True,0.0,inf,2,5181.4,True,0.0,inf,2,5069.1,True,0.0,inf,2,2044.6,True,0.0,inf,2,6554.2,True,0.0,inf,2,0.6816,0.0,2532.8,False,1.0,0.0,,578.1,False,1.0,0.021340000000000026,,514.6,inf,inf
multi,49,12,69,100,0.575754,2,True,0.0,inf,2,263.3,True,0.0,inf,2,251.5,False,1.0,0.0,,346.5,True,0.0,inf,2,264.4,True,0.0,inf,2,262.4,True,0.0,inf,2,267.5,True,0.0,inf,2,304.4,True,0.0,inf,2,297.4,True,0.0,inf,2,0.2957,0.1,381.5,False,1.0,0.0,,124.9,False,1.0,0.17315999999999998,,100.0,inf,inf
none,0,12,78,100,0.3139,4,False,1.0,0.115566,4,287.5,False,1.0,0.115566,4,273.2,False,1.0,0.115566,4,281.6,False,1.0,0.115566,4,289.3,False,1.0,0.115566,4,288.0,False,1.0,0.115566,4,288.3,False,1.0,0.115566,4,465.1,False,1.0,0.115566,4,308.5,False,1.0,0.12303399999999998,4,0.5451,0.5,378.2,False,1.0,0.11769599999999997,,98.4,False,1.0,0.0,,81.6,0.0,0.17000000000000004
none,1,13,84,100,0.31507,4,False,1.0,0.075932,4,412.2,False,1.0,0.075932,5,302.3,False,1.0,0.075932,,401.8,False,1.0,0.075932,4,414.0,False,1.0,0.075932,4,398.6,False,1.0,0.075932,4,394.2,False,1.0,0.20502599999999999,4,393.4,False,1.0,0.075932,5,441.6,False,1.0,0.120058,4,0.2596,0.4,427.0,False,1.0,0.11665399999999998,,112.7,False,1.0,0.0,,89.5,0.0,0.17000000000000004
none,2,14,86,100,0.230532,4,False,1.0,0.28232,4,392.3,False,1.0,0.28232,4,374.0,False,1.0,0.08870400000000003,,577.5,False,1.0,0.28232,4,382.1,False,1.0,0.28232,4,392.8,False,1.0,0.28232,4,381.0,False,1.0,0.28232,4,652.2,False,1.0,0.08870400000000003,6,769.1,False,1.0,0.19797,4,0.4214,0.4,470.7,False,1.0,0.0,,147.5,False,1.0,0.08870400000000003,,94.8,0.17000000000000004,0.17000000000000004
none,3,15,98,100,0.069472,5,False,1.0,0.27777799999999997,5,981.2,False,1.0,0.27777799999999997,10,694.9,False,1.0,0.29257199999999994,,1062.2,False,1.0,0.27777799999999997,5,986.1,False,1.0,0.120528,5,1097.1,False,1.0,0.27777799999999997,5,964.2,False,1.0,0.27777799999999997,5,1872.4,False,1.0,0.27777799999999997,8,1170.4,False,1.0,0.07552799999999998,5,0.3393,0.1,603.6,False,1.0,0.0,,160.6,False,1.0,0.07552799999999998,,126.4,0.17000000000000004,0.0
none,4,16,104,100,0.065002,5,False,1.0,0.19514199999999998,5,1244.8,False,1.0,0.19514199999999998,8,923.0,False,1.0,0.228968,,1231.0,False,1.0,0.19514199999999998,5,1257.3,False,1.0,0.19514199999999998,5,1248.4,False,1.0,0.228968,5,1223.4,False,1.0,0.19514199999999998,5,1687.2,False,1.0,0.19514199999999998,8,1818.2,False,1.0,0.0,5,0.6577,0.0,651.6,False,1.0,0.0,,223.2,False,1.0,0.024997999999999992,,143.7,0.0,0.17000000000000004
none,5,17,108,100,0.258958,5,False,1.0,0.254738,5,844.3,False,1.0,0.254738,11,687.7,False,1.0,0.060278,,993.0,False,1.0,0.254738,5,843.8,False,1.0,0.060278,5,970.0,False,1.0,0.09999999999999998,5,865.7,False,1.0,0.254738,5,1176.8,False,1.0,0.09999999999999998,8,1109.2,False,1.0,0.0,5,0.1545,0.0,624.6,False,1.0,0.0,,165.9,False,1.0,0.0,,107.9,0.17000000000000004,0.0
none,6,18,100,100,0.157254,6,False,1.0,0.359282,6,703.2,False,1.0,0.359282,9,455.4,False,1.0,0.359282,,613.2,False,1.0,0.359282,6,699.7,False,1.0,0.359282,6,686.3,False,1.0,0.359282,,630.2,False,1.0,0.35137799999999997,6,1096.2,False,1.0,0.35137799999999997,7,815.4,False,1.0,0.09900399999999998,6,0.3353,0.3,569.0,False,1.0,0.09900399999999998,,140.1,False,1.0,0.0,,100.3,0.17000000000000004,0.17000000000000004
none,7,19,112,100,0.262812,6,False,1.0,0.173358,6,514.8,False,1.0,0.173358,6,478.9,False,1.0,0.055512000000000006,,644.7,False,1.0,0.173358,6,510.2,False,1.0,0.173358,6,507.0,False,1.0,0.173358,6,499.7,False,1.0,0.17332400000000003,6,1009.3,False,1.0,0.055512000000000006,8,923.1,False,1.0,0.0,6,0.4242,0.2,617.9,False,1.0,0.0,,146.9,False,1.0,0.0,,120.7,0.17000000000000004,0.17000000000000004
none,8,20,116,100,0.243802,6,False,1.0,0.16019999999999998,6,656.0,False,1.0,0.16019999999999998,8,515.9,False,1.0,0.16019999999999998,,517.7,False,1.0,0.16019999999999998,6,663.2,False,1.0,0.16019999999999998,6,663.8,False,1.0,0.16019999999999998,,544.6,False,1.0,0.16019999999999998,6,1244.0,False,1.0,0.16019999999999998,8,887.1,False,1.0,0.0,6,0.072,0.1,652.1,False,1.0,0.0,,141.4,False,1.0,0.074686,,110.1,0.0,0.0
none,9,21,126,100,0.19,7,False,1.0,0.17341,7,992.0,False,1.0,0.17341,9,638.6,False,1.0,0.0,,543.0,False,1.0,0.17341,7,988.3,False,1.0,0.17341,,1300.9,False,1.0,0.17341,,1025.4,False,1.0,0.13406200000000001,7,1476.0,False,1.0,0.13406200000000001,8,1404.6,False,1.0,0.0,7,0.2045,0.0,759.9,False,1.0,0.0,,195.2,False,1.0,0.0,,146.2,0.0,0.0
none,10,22,124,100,0.145,7,False,1.0,0.11828600000000003,7,1988.1,False,1.0,0.11828600000000003,10,1317.1,False,1.0,0.10866,,1660.8,False,1.0,0.11828600000000003,7,1998.3,False,1.0,0.03632400000000002,,1468.3,False,1.0,0.11828600000000003,,1932.4,False,1.0,0.19062199999999999,7,2725.6,False,1.0,0.11828600000000003,8,2210.5,False,1.0,0.01150000000000001,7,0.5513,0.1,835.4,False,1.0,0.01150000000000001,,248.5,False,1.0,0.0,,183.5,0.17000000000000004,0.17000000000000004
none,11,23,140,100,0.06535,7,False,1.0,0.28337799999999996,7,1956.4,False,1.0,0.28337799999999996,10,1553.3,False,1.0,0.11733,,1250.8,False,1.0,0.28337799999999996,7,1944.9,False,1.0,0.28337799999999996,,2369.7,False,1.0,0.28337799999999996,,1479.0,False,1.0,0.28337799999999996,7,2044.3,False,1.0,0.28337799999999996,8,3019.2,False,1.0,0.19879999999999998,7,0.6751,0.1,811.6,False,1.0,0.0,,216.6,False,1.0,0.11733,,168.2,0.0,0.0
none,12,24,134,100,0.242282,8,False,1.0,0.075316,8,917.9,False,1.0,0.075316,12,700.9,False,1.0,0.075316,,1055.8,False,1.0,0.075316,8,921.4,False,1.0,0.075316,,982.0,False,1.0,0.075316,,937.2,False,1.0,0.16164800000000001,8,2075.2,False,1.0,0.19305,8,1364.3,False,1.0,0.0,8,0.2296,0.1,651.1,False,1.0,0.0,,212.7,False,1.0,0.0,,165.1,0.0,0.0
none,13,25,142,100,0.19,8,False,1.0,0.128214,8,1179.7,False,1.0,0.128214,10,728.6,False,1.0,0.128214,,1065.0,False,1.0,0.128214,8,1145.7,False,1.0,0.17159999999999997,,921.8,False,1.0,0.128214,,1074.0,False,1.0,0.24364399999999997,8,2045.6,False,1.0,0.128214,8,1373.4,False,1.0,0.072044,8,0.3788,0.1,674.8,False,1.0,0.0,,218.9,False,1.0,0.128214,,137.6,0.0,0.17000000000000004
none,14,26,144,100,0.09,8,False,1.0,0.293736,8,1651.3,False,1.0,0.293736,10,1170.6,False,1.0,0.22068000000000002,,1732.5,False,1.0,0.293736,8,1690.8,False,1.0,0.22068000000000002,,1745.5,False,1.0,0.22068000000000002,,1749.0,False,1.0,0.293736,8,2484.5,False,1.0,0.293736,8,1983.7,False,1.0,0.0,8,0.1805,0.0,771.9,False,1.0,0.0,,266.5,False,1.0,0.17305600000000002,,171.2,0.0,0.17000000000000004
none,15,27,158,100,0.185052,8,False,1.0,0.07318200000000002,8,1583.1,False,1.0,0.07318200000000002,12,912.4,False,1.0,0.07318200000000002,,1197.2,False,1.0,0.07318200000000002,8,1585.5,False,1.0,0.07318200000000002,,1587.8,False,1.0,0.07318200000000002,,1207.9,False,1.0,0.07836199999999999,8,2088.6,False,1.0,0.13863200000000003,8,1269.9,False,1.0,0.04830000000000001,8,0.5298,0.0,724.7,False,1.0,0.0,,240.5,False,1.0,0.024882000000000015,,175.1,0.0,0.17000000000000004
none,16,28,154,100,0.09,8,False,1.0,0.25882400000000005,8,1399.3,False,1.0,0.25882400000000005,9,902.5,False,1.0,0.228782,,1334.0,False,1.0,0.25882400000000005,8,1344.6,False,1.0,0.25882400000000005,,1327.7,False,1.0,0.228782,,1593.5,False,1.0,0.228782,8,2970.5,False,1.0,0.25882400000000005,8,1553.8,False,1.0,0.0,8,0.2852,0.1,766.8,False,1.0,0.0,,231.9,False,1.0,0.0,,157.2,0.17000000000000004,0.17000000000000004
none,17,29,166,100,0.048384,8,False,1.0,0.270374,8,2161.8,False,1.0,0.270374,12,1440.1,False,1.0,0.270374,,1736.8,False,1.0,0.270374,8,2166.2,False,1.0,0.270374,,2166.3,False,1.0,0.270374,,2218.0,False,1.0,0.270374,8,2716.0,False,1.0,0.270374,8,2888.3,False,1.0,0.0,8,0.5383,0.0,822.9,False,1.0,0.0,,276.8,False,1.0,0.270374,,197.0,0.0,0.17000000000000004
none,18,30,176,100,0.07266,8,False,1.0,0.177126,8,1212.4,False,1.0,0.177126,9,755.6,False,1.0,0.177126,,1176.9,False,1.0,0.177126,8,1214.5,False,1.0,0.177126,,1229.8,False,1.0,0.177126,,1204.7,False,1.0,0.18669799999999998,8,1863.7,False,1.0,0.11480599999999999,8,2075.0,False,1.0,0.11480599999999999,8,0.1722,0.2,732.3,False,1.0,0.0,,233.9,False,1.0,0.11480599999999999,,165.7,0.0,0.0
none,19,31,174,100,0.318794,8,False,1.0,0.082424,8,711.3,False,1.0,0.082424,9,487.8,False,1.0,0.0,,756.0,False,1.0,0.082424,8,710.2,False,1.0,0.0,,731.8,False,1.0,0.0,,581.3,False,1.0,0.0,8,1015.1,False,1.0,0.0,8,744.7,False,1.0,0.08515599999999995,8,0.4076,0.3,692.2,False,1.0,0.11341799999999996,,206.6,False,1.0,0.0,,155.6,0.0,0.0
none,20,32,170,100,0.120118,8,False,1.0,0.307418,8,1791.8,False,1.0,0.307418,11,1136.0,False,1.0,0.307418,,1589.5,False,1.0,0.307418,8,1815.9,False,1.0,0.307418,,1807.8,False,1.0,0.307418,,1822.6,False,1.0,0.307418,8,2754.0,False,1.0,0.307418,8,2166.3,False,1.0,0.128686,8,0.5254,0.4,769.9,False,1.0,0.11690400000000001,,234.8,False,1.0,0.14178600000000002,,214.7,0.17000000000000004,0.17000000000000004
none,21,33,180,100,0.09,8,False,1.0,0.229,8,2346.5,False,1.0,0.229,10,1570.2,False,1.0,0.229,,2071.9,False,1.0,0.229,8,2411.2,False,1.0,0.229,,2398.1,False,1.0,0.229,,2357.6,False,1.0,0.229,8,2809.3,False,1.0,0.229,8,2919.0,False,1.0,0.0,8,0.1387,0.0,893.4,False,1.0,0.0,,307.4,False,1.0,0.0,,174.0,0.0,0.17000000000000004
none,22,34,192,100,0.239024,8,False,1.0,0.078964,8,1063.2,False,1.0,0.078964,11,795.1,False,1.0,0.078964,,1043.1,False,1.0,0.078964,8,1061.4,False,1.0,0.078964,,1062.5,False,1.0,0.078964,,1052.2,False,1.0,0.19450000000000003,8,2232.9,False,1.0,0.19450000000000003,8,2401.9,False,1.0,0.0,8,0.1403,0.2,781.9,False,1.0,0.0,,236.1,False,1.0,0.078964,,177.4,0.0,0.17000000000000004
none,23,35,194,100,0.09,8,False,1.0,0.170822,8,1461.2,False,1.0,0.170822,10,882.8,False,1.0,0.170822,,1400.2,False,1.0,0.170822,8,1409.8,False,1.0,0.170822,,1413.0,False,1.0,0.170822,,1407.3,False,1.0,0.22762000000000002,8,2973.6,False,1.0,0.170822,8,2978.2,False,1.0,0.0,8,0.2859,0.0,867.3,False,1.0,0.0,,286.2,False,1.0,0.0,,183.2,0.0,0.17000000000000004
none,24,36,194,100,0.040178,8,False,1.0,0.259822,8,2653.3,False,1.0,0.259822,11,1766.7,False,1.0,0.079824,,1729.4,False,1.0,0.259822,8,2659.4,False,1.0,0.259822,,2644.2,False,1.0,0.279024,,2621.5,False,1.0,0.279024,8,4053.8,False,1.0,0.259822,8,2876.6,False,1.0,0.0,8,0.6907,0.1,966.0,False,1.0,0.0,,349.1,False,1.0,0.024998,,209.4,0.0,0.17000000000000004
none,25,37,214,100,0.145,8,False,1.0,0.37139999999999995,8,1156.8,False,1.0,0.37139999999999995,9,839.0,False,1.0,0.218832,,1037.4,False,1.0,0.37139999999999995,8,1210.4,False,1.0,0.37139999999999995,,916.6,False,1.0,0.218832,,1041.0,False,1.0,0.37139999999999995,8,2168.0,False,1.0,0.37139999999999995,8,1344.2,False,1.0,0.214548,8,0.5502,0.2,831.3,False,1.0,0.04500000000000001,,300.7,False,1.0,0.0,,203.6,0.17000000000000004,0.17000000000000004
none,26,38,206,100,0.256008,8,False,1.0,0.12595800000000001,8,1763.7,False,1.0,0.12595800000000001,,1063.2,False,1.0,0.12595800000000001,,1415.5,False,1.0,0.12595800000000001,8,1770.5,False,1.0,0.12595800000000001,,1764.7,False,1.0,0.12595800000000001,,1767.8,False,1.0,0.12595800000000001,8,2692.0,False,1.0,0.12595800000000001,8,2043.3,False,1.0,0.0,8,0.6637,0.0,985.1,False,1.0,0.0,,337.4,False,1.0,0.005676000000000014,,231.3,0.0,0.17000000000000004
none,27,39,214,100,0.127432,8,False,1.0,0.360508,8,2610.9,False,1.0,0.360508,10,1633.8,False,1.0,0.360508,,1758.1,False,1.0,0.360508,8,2560.1,False,1.0,0.360508,,2599.4,False,1.0,0.360508,,2062.5,False,1.0,0.31676,8,4398.1,False,1.0,0.31676,8,2091.0,False,1.0,0.19823400000000002,8,0.4657,0.3,979.8,False,1.0,0.180666,,315.4,False,1.0,0.0,,216.0,0.17000000000000004,0.17000000000000004
none,28,40,212,100,0.066556,8,False,1.0,0.182248,8,3158.7,False,1.0,0.182248,9,1987.4,False,1.0,0.182248,,2605.3,False,1.0,0.182248,8,3181.5,False,1.0,0.182248,,3190.1,False,1.0,0.182248,,2637.2,False,1.0,0.190784,8,3765.1,False,1.0,0.252222,8,2418.0,False,1.0,0.0,8,0.5769,0.0,1036.2,False,1.0,0.0,,408.7,False,1.0,0.0,,322.5,0.0,0.17000000000000004
none,29,41,226,100,0.145,8,False,1.0,0.193688,8,1969.8,False,1.0,0.193688,11,1315.4,False,1.0,0.0,,1440.0,False,1.0,0.193688,8,1921.8,False,1.0,0.193688,,1907.1,False,1.0,0.193688,,1206.0,False,1.0,0.203908,8,2956.4,False,1.0,0.203908,8,2404.9,False,1.0,0.094782,8,0.3542,0.1,1058.1,False,1.0,0.094782,,354.9,False,1.0,0.0,,267.0,0.0,0.17000000000000004
none,30,42,230,100,0.140288,8,False,1.0,0.12223199999999998,8,1809.0,False,1.0,0.12223199999999998,,1073.9,False,1.0,0.17566800000000002,,2027.8,False,1.0,0.12223199999999998,8,1765.2,False,1.0,0.12223199999999998,,1770.5,False,1.0,0.17566800000000002,,2094.4,False,1.0,0.12223199999999998,8,3482.1,False,1.0,0.17566800000000002,8,2651.6,False,1.0,0.09728,8,0.061,0.0,1318.1,False,1.0,0.0,,389.8,False,1.0,0.12223199999999998,,214.7,0.0,0.17000000000000004
none,31,43,236,100,0.09,8,False,1.0,0.17396199999999998,8,2154.4,False,1.0,0.17396199999999998,8,2039.4,False,1.0,0.1,,2073.9,False,1.0,0.17396199999999998,8,2144.7,False,1.0,0.1,,2238.9,False,1.0,0.17396199999999998,,1983.8,False,1.0,0.17350600000000002,8,4439.1,False,1.0,0.17350600000000002,8,4939.6,False,1.0,0.0,8,0.8424,0.1,1201.4,False,1.0,0.0,,391.6,False,1.0,0.0,,317.2,0.0,0.17000000000000004
none,32,44,238,100,0.244054,8,False,1.0,0.15734199999999998,8,2664.6,False,1.0,0.15734199999999998,10,1771.3,False,1.0,0.15734199999999998,,2098.6,False,1.0,0.15734199999999998,8,2693.3,False,1.0,0.15734199999999998,,2073.6,False,1.0,0.15734199999999998,,2111.7,False,1.0,0.15734199999999998,8,3073.1,False,1.0,0.15734199999999998,8,3412.1,False,1.0,0.0,8,0.7286,0.0,987.5,False,1.0,0.0,,354.1,False,1.0,0.0,,246.6,0.0,0.17000000000000004
none,33,45,242,100,0.09,8,False,1.0,0.313064,8,3458.7,False,1.0,0.313064,9,2262.3,False,1.0,0.26000999999999996,,3684.0,False,1.0,0.313064,8,3460.1,False,1.0,0.26000999999999996,,3720.5,False,1.0,0.313064,,3486.4,False,1.0,0.313064,8,3913.4,False,1.0,0.26000999999999996,8,4583.8,False,1.0,0.0,8,0.7953,0.0,1320.4,False,1.0,0.0,,462.5,False,1.0,0.0,,235.7,0.0,0.0
none,34,46,256,100,0.120002,8,False,1.0,0.29959,8,1758.3,False,1.0,0.29959,8,1622.0,False,1.0,0.209748,,2146.8,False,1.0,0.29959,8,1747.6,False,1.0,0.209748,,1754.8,False,1.0,0.23067,,2151.6,False,1.0,0.29959,8,2601.1,False,1.0,0.29959,8,3657.4,False,1.0,0.29959,8,-0.1436,0.2,1285.4,False,1.0,0.024078000000000016,,387.5,False,1.0,0.209748,,269.0,0.17000000000000004,0.17000000000000004
none,35,47,256,100,0.09,8,False,1.0,0.17379399999999998,8,2040.5,False,1.0,0.17379399999999998,8,1924.5,False,1.0,0.05499999999999999,,1652.0,False,1.0,0.17379399999999998,8,2056.4,False,1.0,0.17379399999999998,,2037.7,False,1.0,0.05499999999999999,,2038.0,False,1.0,0.17379399999999998,8,3058.0,False,1.0,0.17379399999999998,8,2449.4,False,1.0,0.0,8,0.6724,0.0,1264.0,False,1.0,0.0,,405.2,False,1.0,0.0,,358.6,0.17000000000000004,0.0
none,36,48,264,100,0.262628,8,False,1.0,0.13986000000000004,8,2009.0,False,1.0,0.13986000000000004,8,1965.3,False,1.0,0.13986000000000004,,1726.7,False,1.0,0.13986000000000004,8,2022.7,False,1.0,0.13986000000000004,,2038.7,False,1.0,0.13986000000000004,,2084.8,False,1.0,0.13986000000000004,8,2679.8,False,1.0,0.13986000000000004,8,3250.3,False,1.0,0.0,8,0.4551,0.0,1258.1,False,1.0,0.0,,317.6,False,1.0,0.0,,232.8,0.0,0.17000000000000004
none,37,49,260,100,0.065002,8,False,1.0,0.191486,8,4071.8,False,1.0,0.191486,11,2467.6,False,1.0,0.191486,,3196.3,False,1.0,0.191486,8,4079.2,False,1.0,0.191486,,4038.4,False,1.0,0.191486,,3994.0,False,1.0,0.171356,8,5118.4,False,1.0,0.171356,8,4835.5,False,1.0,0.0,8,0.6274,0.0,1250.4,False,1.0,0.0,,423.3,False,1.0,0.024997999999999992,,368.0,0.0,0.0
none,38,50,260,100,0.065118,8,False,1.0,0.271956,8,3223.9,False,1.0,0.271956,9,2138.7,False,1.0,0.271956,,2209.8,False,1.0,0.271956,8,3239.6,False,1.0,0.271956,,3307.1,False,1.0,0.271956,,3271.2,False,1.0,0.271956,8,2948.9,False,1.0,0.25152399999999997,8,3023.0,False,1.0,0.0,8,0.664,0.0,1511.5,False,1.0,0.0,,495.7,False,1.0,0.024882,,343.3,0.0,0.0
none,39,51,276,100,0.210112,8,False,1.0,0.05196199999999998,8,2748.3,False,1.0,0.05196199999999998,9,1629.7,False,1.0,0.05196199999999998,,1948.2,False,1.0,0.05196199999999998,8,2767.9,False,1.0,0.05196199999999998,,2923.6,False,1.0,0.05196199999999998,,2394.6,False,1.0,0.05196199999999998,8,3034.0,False,1.0,0.05196199999999998,8,3106.9,False,1.0,0.027010000000000006,8,0.7843,0.0,1551.3,False,1.0,0.0,,385.5,False,1.0,0.024952000000000002,,298.1,0.0,0.0
none,40,52,278,100,0.151904,8,False,1.0,0.09142799999999998,8,2334.7,False,1.0,0.09142799999999998,8,2210.9,False,1.0,0.02052799999999999,,1943.8,False,1.0,0.09142799999999998,8,2384.4,False,1.0,0.017568,,3689.3,False,1.0,0.02052799999999999,,2695.3,False,1.0,0.11139799999999997,8,4266.5,False,1.0,0.09142799999999998,8,2467.2,False,1.0,0.017568,8,0.5918,0.0,1511.0,False,1.0,0.0,,425.8,False,1.0,0.0,,344.4,0.0,0.17000000000000004
none,41,53,292,100,0.041814,8,False,1.0,0.20981600000000003,8,3647.2,False,1.0,0.20981600000000003,9,2431.5,False,1.0,0.20981600000000003,,2802.2,False,1.0,0.20981600000000003,8,3705.4,False,1.0,0.20981600000000003,,3635.4,False,1.0,0.20981600000000003,,3593.9,False,1.0,0.124976,8,5467.7,False,1.0,0.07997599999999999,8,6150.4,False,1.0,0.148186,8,0.4526,0.2,1673.4,False,1.0,0.0,,447.0,False,1.0,0.024976000000000005,,415.1,0.17000000000000004,0.17000000000000004
none,42,54,286,100,0.06866,8,False,1.0,0.195378,8,3809.5,False,1.0,0.195378,10,2414.9,False,1.0,0.11030200000000001,,1842.1,False,1.0,0.195378,8,3807.9,False,1.0,0.195378,,2455.6,False,1.0,0.195378,,2328.5,False,1.0,0.195378,8,5521.7,False,1.0,0.195378,8,4966.6,False,1.0,0.0,8,0.5639,0.1,1520.6,False,1.0,0.0,,418.9,False,1.0,0.0,,343.1,0.0,0.0
none,43,55,286,100,0.081324,8,False,1.0,0.10000000000000002,8,1927.8,False,1.0,0.10000000000000002,8,1748.2,False,1.0,0.063676,,1644.1,False,1.0,0.10000000000000002,8,1918.6,False,1.0,0.10000000000000002,,1618.0,False,1.0,0.10000000000000002,,1463.9,False,1.0,0.10000000000000002,8,2648.8,False,1.0,0.063676,8,3673.4,False,1.0,0.0,8,0.5727,0.2,1464.6,False,1.0,0.0,,380.5,False,1.0,0.002250000000000002,,303.9,0.0,0.0
none,44,56,296,100,0.124122,8,False,1.0,0.11487000000000001,8,4118.8,False,1.0,0.11487000000000001,10,2609.9,False,1.0,0.0,,2301.0,False,1.0,0.11487000000000001,8,4164.5,False,1.0,0.11487000000000001,,2735.8,False,1.0,0.0,,4198.7,False,1.0,0.13584999999999997,8,4392.0,False,1.0,0.11487000000000001,8,3296.8,False,1.0,0.0,8,0.7709,0.1,1659.6,False,1.0,0.040894,,539.8,False,1.0,0.0,,366.5,0.17000000000000004,0.0
none,45,57,296,100,0.069472,8,False,1.0,0.249596,8,3000.8,False,1.0,0.249596,8,2741.7,False,1.0,0.1,,2631.9,False,1.0,0.249596,8,2945.1,False,1.0,0.249596,,2597.1,False,1.0,0.1,,2626.9,False,1.0,0.18867399999999998,8,6853.2,False,1.0,0.18867399999999998,8,7440.4,False,1.0,0.0,8,0.8112,0.0,1710.7,False,1.0,0.0,,573.1,False,1.0,0.0,,407.8,0.0,0.0
none,46,58,302,100,0.34893,8,False,1.0,0.08588199999999996,8,2797.5,False,1.0,0.08588199999999996,11,1989.3,False,1.0,0.014455999999999969,,1898.5,False,1.0,0.08588199999999996,8,2818.9,False,1.0,0.014455999999999969,,2954.8,False,1.0,0.014455999999999969,,1948.0,False,1.0,0.08588199999999996,8,3298.4,False,1.0,0.08588199999999996,8,3387.4,False,1.0,0.0,8,0.4571,0.0,1708.4,False,1.0,0.0,,405.1,False,1.0,0.0,,319.0,0.0,0.0
none,47,59,316,100,0.09,8,False,1.0,0.171,8,4219.7,False,1.0,0.171,9,2639.7,False,1.0,0.171,,3380.3,False,1.0,0.171,8,4267.4,False,1.0,0.171,,3465.6,False,1.0,0.171,,4231.2,False,1.0,0.22912000000000002,8,3300.6,False,1.0,0.22912000000000002,8,3311.0,False,1.0,0.0,8,0.6836,0.0,1789.0,False,1.0,0.0,,515.0,False,1.0,0.0,,395.0,0.0,0.0
none,48,60,314,100,0.09,8,False,1.0,0.26386200000000004,8,1968.6,False,1.0,0.26386200000000004,8,1822.3,False,1.0,0.05499999999999999,,2204.0,False,1.0,0.26386200000000004,8,1988.1,False,1.0,0.26386200000000004,,2033.1,False,1.0,0.26386200000000004,,1959.5,False,1.0,0.26386200000000004,8,2301.3,False,1.0,0.05499999999999999,8,2486.1,False,1.0,0.0,8,0.6468,0.2,1654.9,False,1.0,0.0,,453.4,False,1.0,0.0,,321.2,0.0,0.0
none,49,12,78,100,0.239774,4,False,1.0,0.15371,4,598.3,False,1.0,0.15371,8,465.9,False,1.0,0.15371,,577.0,False,1.0,0.15371,4,591.0,False,1.0,0.15371,4,581.3,False,1.0,0.15371,4,576.9,False,1.0,0.15371,4,1144.9,False,1.0,0.15371,6,790.5,False,1.0,0.06029200000000001,4,0.0947,0.2,448.3,False,1.0,0.0,,126.3,False,1.0,0.07949800000000001,,92.7,0.0,0.17000000000000004
ad,0,12,58,68,0.26414,1,True,0.0,inf,1,103.8,True,0.0,inf,1,105.1,False,0.29411764705882354,0.25500000000000006,,27.6,True,0.0,inf,1,110.6,True,0.0,inf,1,84.1,True,0.0,inf,1,61.0,True,0.0,inf,1,229.4,True,0.0,inf,1,194.3,True,0.0,inf,1,0.6713,0.7,166.6,False,0.7058823529411765,0.0,,43.4,False,0.29411764705882354,0.25500000000000006,8,13.2,inf,inf
ad,1,13,60,6,0.504028,1,True,0.0,inf,1,21.3,True,0.0,inf,1,12.7,False,1.0,0.0,,9.7,True,0.0,inf,1,21.4,False,1.0,0.0,,10.5,False,1.0,0.0,,10.0,True,0.0,inf,1,302.4,True,0.0,inf,1,245.0,True,0.0,inf,1,0.8667,1.0,31.3,True,0.0,inf,1,12.3,False,0.3333333333333333,0.0,11,2.8,inf,inf
ad,2,14,64,100,0.519084,1,True,0.0,inf,1,220.4,True,0.0,inf,1,207.9,False,1.0,0.0,,106.8,True,0.0,inf,1,220.2,True,0.0,inf,1,214.0,True,0.0,inf,1,212.1,True,0.0,inf,1,283.8,True,0.0,inf,1,269.7,True,0.0,inf,1,0.7299,1.0,325.9,True,0.0,inf,1,56.5,False,1.0,0.0,12,102.8,inf,inf
ad,3,15,71,100,0.246792,2,True,0.0,inf,2,189.1,True,0.0,inf,2,180.0,False,1.0,0.08618599999999998,,198.7,True,0.0,inf,2,187.4,True,0.0,inf,2,188.6,True,0.0,inf,2,189.0,True,0.0,inf,2,264.4,True,0.0,inf,2,240.0,True,0.0,inf,2,0.2671,0.5,277.1,False,1.0,0.0,,144.5,False,1.0,0.0,,80.6,inf,inf
ad,4,16,78,100,0.62036,1,True,0.0,inf,1,242.8,True,0.0,inf,1,230.6,False,1.0,0.0,,119.5,True,0.0,inf,1,246.1,True,0.0,inf,1,213.7,True,0.0,inf,1,238.5,True,0.0,inf,1,336.3,True,0.0,inf,1,292.6,True,0.0,inf,1,0.5302,0.7,351.7,True,0.0,inf,1,19.2,False,1.0,0.0,9,94.1,inf,inf
ad,5,17,76,86,0.218736,1,True,0.0,inf,1,159.1,True,0.0,inf,1,148.4,True,0.0,inf,1,27.6,True,0.0,inf,1,159.9,True,0.0,inf,1,37.4,True,0.0,inf,1,121.3,True,0.0,inf,1,238.4,True,0.0,inf,2,276.5,True,0.0,inf,1,0.7422,0.6,240.3,False,0.9534883720930233,0.0,,84.1,False,1.0,0.0,9,70.0,inf,inf
ad,6,18,78,100,0.208618,1,True,0.0,inf,1,195.9,True,0.0,inf,1,182.6,True,0.0,inf,1,50.9,True,0.0,inf,1,195.5,True,0.0,inf,1,64.7,True,0.0,inf,1,64.2,True,0.0,inf,1,261.2,True,0.0,inf,2,258.3,True,0.0,inf,1,0.4174,0.7,287.4,False,1.0,0.0,,101.8,False,0.46,0.27168800000000004,5,34.2,inf,inf
ad,7,19,87,100,0.34853,2,True,0.0,inf,2,224.9,True,0.0,inf,2,198.4,False,0.7,0.24779600000000002,,256.4,True,0.0,inf,2,222.2,True,0.0,inf,2,199.4,False,0.7,0.24779600000000002,,273.1,True,0.0,inf,2,611.9,True,0.0,inf,2,287.3,True,0.0,inf,2,0.5561,0.5,316.3,False,1.0,0.0,,113.2,False,1.0,0.0,,83.9,inf,inf
ad,8,20,98,100,0.32633,1,True,0.0,inf,1,251.4,True,0.0,inf,1,235.4,True,0.0,inf,1,244.0,True,0.0,inf,1,253.8,True,0.0,inf,1,252.0,True,0.0,inf,1,250.2,True,0.0,inf,1,286.3,True,0.0,inf,2,739.7,True,0.0,inf,1,0.3353,0.1,338.3,False,1.0,0.0,,133.3,False,0.04,0.27256800000000003,7,5.5,inf,inf
ad,9,21,104,100,0.417784,1,True,0.0,inf,1,281.5,True,0.0,inf,1,260.3,False,1.0,0.0,,137.3,True,0.0,inf,1,279.8,True,0.0,inf,1,271.3,True,0.0,inf,1,63.1,True,0.0,inf,1,336.4,True,0.0,inf,1,371.8,True,0.0,inf,1,0.7292,0.4,387.6,True,0.0,inf,1,22.5,False,1.0,0.0,11,124.5,inf,inf
ad,10,22,94,100,0.449016,1,True,0.0,inf,1,245.6,True,0.0,inf,1,229.3,False,1.0,0.0,,119.3,True,0.0,inf,1,245.1,True,0.0,inf,1,240.0,True,0.0,inf,1,28.8,True,0.0,inf,1,302.7,True,0.0,inf,1,353.5,True,0.0,inf,1,0.4634,0.5,362.8,True,0.0,inf,1,24.1,False,1.0,0.0,,99.3,inf,inf
ad,11,23,107,100,0.23842,2,True,0.0,inf,2,245.6,True,0.0,inf,2,221.9,False,1.0,0.12498400000000001,,338.3,True,0.0,inf,2,245.2,True,0.0,inf,2,247.5,True,0.0,inf,2,236.4,True,0.0,inf,2,343.0,True,0.0,inf,2,381.0,True,0.0,inf,2,0.1331,0.2,527.7,False,1.0,0.0,,133.7,False,1.0,0.12498400000000001,,102.8,inf,inf
ad,12,24,99,100,0.434812,1,True,0.0,inf,1,266.2,True,0.0,inf,1,239.4,False,1.0,0.0,,125.7,True,0.0,inf,1,272.3,False,1.0,0.0,,127.1,True,0.0,inf,1,241.6,True,0.0,inf,1,329.8,True,0.0,inf,1,318.7,True,0.0,inf,1,0.3961,0.4,387.5,True,0.0,inf,1,27.1,False,1.0,0.06757599999999997,,111.7,inf,inf
ad,13,25,116,100,0.225314,1,True,0.0,inf,1,308.7,True,0.0,inf,1,239.7,False,1.0,0.0,,128.4,True,0.0,inf,1,264.5,True,0.0,inf,1,275.6,True,0.0,inf,1,253.4,True,0.0,inf,1,367.9,True,0.0,inf,1,404.2,True,0.0,inf,1,0.7807,0.7,374.2,True,0.0,inf,1,28.0,False,1.0,0.193176,,100.8,inf,inf
ad,14,26,108,100,0.417988,1,True,0.0,inf,1,249.7,True,0.0,inf,1,229.4,False,1.0,0.0,,121.1,True,0.0,inf,1,251.2,True,0.0,inf,1,246.9,True,0.0,inf,1,107.9,True,0.0,inf,1,333.0,True,0.0,inf,1,366.1,True,0.0,inf,1,0.5612,0.6,362.4,True,0.0,inf,1,31.1,False,1.0,0.0,7,101.8,inf,inf
ad,15,27,103,100,0.255632,2,True,0.0,inf,2,254.8,True,0.0,inf,2,234.9,False,1.0,0.25499999999999995,,365.4,True,0.0,inf,2,255.6,True,0.0,inf,2,254.9,False,1.0,0.25499999999999995,,322.8,True,0.0,inf,2,646.9,True,0.0,inf,2,297.3,True,0.0,inf,2,0.548,0.4,360.1,False,1.0,0.0,,138.2,False,1.0,0.25499999999999995,10,117.9,inf,inf
ad,16,28,116,100,0.048814,2,True,0.0,inf,2,477.7,True,0.0,inf,2,452.5,False,1.0,0.469672,,311.6,True,0.0,inf,2,490.8,True,0.0,inf,2,493.1,True,0.0,inf,2,231.3,True,0.0,inf,2,716.5,True,0.0,inf,2,694.9,True,0.0,inf,2,0.7218,0.2,570.6,False,1.0,0.0,,141.1,False,0.6,0.469672,,50.6,inf,inf
ad,17,29,126,100,0.363006,1,True,0.0,inf,1,353.0,True,0.0,inf,1,278.6,False,1.0,0.0,,148.5,True,0.0,inf,1,307.1,True,0.0,inf,1,311.7,True,0.0,inf,1,296.8,True,0.0,inf,1,436.2,True,0.0,inf,1,544.7,True,0.0,inf,1,0.1389,0.2,441.6,True,0.0,inf,1,36.6,False,1.0,0.0,,115.4,inf,inf
ad,18,30,120,100,0.603326,1,True,0.0,inf,1,262.5,True,0.0,inf,1,236.2,False,1.0,0.0,,126.4,True,0.0,inf,1,260.6,True,0.0,inf,1,83.3,True,0.0,inf,1,258.7,True,0.0,inf,1,299.6,True,0.0,inf,1,497.0,True,0.0,inf,1,0.5327,0.8,376.1,True,0.0,inf,1,32.0,False,1.0,0.0,,97.7,inf,inf
ad,19,31,123,100,0.490326,1,True,0.0,inf,1,333.3,True,0.0,inf,1,310.5,False,1.0,0.0,,162.1,True,0.0,inf,1,331.7,False,1.0,0.0,,163.8,False,1.0,0.0,,163.6,True,0.0,inf,1,448.8,True,0.0,inf,1,363.9,True,0.0,inf,1,0.5103,0.7,483.5,True,0.0,inf,1,35.5,False,0.02,0.0,7,5.9,inf,inf
ad,20,32,142,100,0.075468,2,True,0.0,inf,2,302.6,True,0.0,inf,2,249.8,False,1.0,0.23209200000000002,,393.5,True,0.0,inf,2,300.5,True,0.0,inf,2,300.6,False,1.0,0.23209200000000002,,408.1,True,0.0,inf,2,899.1,True,0.0,inf,2,429.2,True,0.0,inf,2,0.1006,0.3,695.9,False,1.0,0.0,,151.9,False,1.0,0.23209200000000002,,131.5,inf,inf
ad,21,33,133,100,0.23709,2,True,0.0,inf,2,265.7,True,0.0,inf,2,226.2,False,0.34,0.279814,,259.6,True,0.0,inf,2,267.0,True,0.0,inf,2,266.9,False,0.34,0.279814,,261.7,True,0.0,inf,2,771.1,True,0.0,inf,2,393.8,True,0.0,inf,2,0.4668,0.7,384.0,False,1.0,0.0,,148.3,False,0.34,0.279814,10,39.6,inf,inf
ad,22,34,139,100,0.330936,1,True,0.0,inf,1,292.2,True,0.0,inf,1,260.1,False,1.0,0.0,,142.4,True,0.0,inf,1,293.4,True,0.0,inf,1,327.0,False,1.0,0.0,,144.1,True,0.0,inf,1,351.3,True,0.0,inf,1,595.0,True,0.0,inf,1,0.5093,0.5,421.5,True,0.0,inf,1,42.3,False,0.1,0.33644399999999997,9,10.3,inf,inf
ad,23,35,141,100,0.549434,1,True,0.0,inf,1,334.3,True,0.0,inf,1,303.0,False,1.0,0.0,,163.3,True,0.0,inf,1,333.1,True,0.0,inf,1,325.0,True,0.0,inf,1,323.8,True,0.0,inf,1,426.9,True,0.0,inf,1,525.2,True,0.0,inf,1,0.5816,0.6,459.9,True,0.0,inf,1,43.8,False,1.0,0.0,,129.9,inf,inf
ad,24,36,144,100,0.359898,1,True,0.0,inf,1,304.9,True,0.0,inf,1,251.6,False,1.0,0.0,,140.7,True,0.0,inf,1,306.9,True,0.0,inf,1,320.5,False,1.0,0.0,,141.9,True,0.0,inf,1,404.2,True,0.0,inf,1,558.4,True,0.0,inf,1,0.1721,0.5,442.9,True,0.0,inf,1,47.6,False,1.0,0.0,,109.5,inf,inf
ad,25,37,156,100,0.263462,2,True,0.0,inf,2,307.0,True,0.0,inf,2,260.5,False,1.0,0.27160000000000006,,365.8,True,0.0,inf,2,309.9,True,0.0,inf,2,303.7,False,1.0,0.27160000000000006,,414.1,True,0.0,inf,2,743.1,True,0.0,inf,2,871.2,True,0.0,inf,2,0.2348,0.2,423.6,False,1.0,0.0,,158.0,False,1.0,0.27160000000000006,,124.6,inf,inf
ad,26,38,169,100,0.09,2,True,0.0,inf,2,772.1,True,0.0,inf,2,719.8,False,1.0,0.255,,496.7,True,0.0,inf,2,786.4,False,1.0,0.255,,560.5,True,0.0,inf,2,738.4,True,0.0,inf,2,2267.3,True,0.0,inf,2,1329.8,True,0.0,inf,2,0.2221,0.1,530.0,False,1.0,0.0,,200.3,False,1.0,0.0,,149.0,inf,inf
ad,27,39,164,100,0.41611,1,True,0.0,inf,1,341.8,True,0.0,inf,1,300.5,False,1.0,0.0,,167.9,True,0.0,inf,1,341.5,True,0.0,inf,1,297.9,True,0.0,inf,1,292.9,True,0.0,inf,1,414.8,True,0.0,inf,1,604.7,True,0.0,inf,1,0.3482,0.7,537.5,True,0.0,inf,1,52.1,False,1.0,0.0,10,138.4,inf,inf
ad,28,40,163,100,0.248832,1,True,0.0,inf,1,343.4,True,0.0,inf,1,264.5,True,0.0,inf,1,275.5,True,0.0,inf,1,303.4,True,0.0,inf,1,308.6,True,0.0,inf,1,306.3,True,0.0,inf,1,364.9,True,0.0,inf,2,975.3,True,0.0,inf,1,0.5885,0.3,437.2,False,1.0,0.0,,163.1,False,1.0,0.0,12,115.0,inf,inf
ad,29,41,161,100,0.065002,2,True,0.0,inf,2,1259.5,True,0.0,inf,3,587.1,False,1.0,0.179998,,444.9,True,0.0,inf,2,1251.7,True,0.0,inf,2,1347.1,True,0.0,inf,2,379.1,True,0.0,inf,2,1960.6,True,0.0,inf,2,1801.7,True,0.0,inf,2,0.7519,0.2,763.8,False,1.0,0.0,,202.5,False,1.0,0.179998,,152.0,inf,inf
ad,30,42,174,100,0.251596,2,True,0.0,inf,2,384.9,True,0.0,inf,2,316.0,False,1.0,0.186002,,543.8,True,0.0,inf,2,382.5,True,0.0,inf,2,389.1,True,0.0,inf,2,394.6,True,0.0,inf,2,956.0,True,0.0,inf,2,1400.3,True,0.0,inf,2,0.0729,0.2,786.6,False,1.0,0.0,,202.0,False,1.0,0.25157599999999997,,142.2,inf,inf
ad,31,43,161,100,0.29,1,True,0.0,inf,1,452.8,True,0.0,inf,1,361.6,False,1.0,0.0,,201.5,True,0.0,inf,1,410.5,True,0.0,inf,1,394.2,True,0.0,inf,1,355.9,True,0.0,inf,1,491.1,True,0.0,inf,1,630.3,True,0.0,inf,1,0.4484,0.5,569.7,True,0.0,inf,1,59.0,False,1.0,0.0,,169.8,inf,inf
ad,32,44,168,100,0.525664,1,True,0.0,inf,1,350.8,True,0.0,inf,1,304.0,False,1.0,0.0,,171.6,True,0.0,inf,1,349.5,True,0.0,inf,1,351.1,True,0.0,inf,1,105.5,True,0.0,inf,1,436.4,True,0.0,inf,1,645.8,True,0.0,inf,1,0.712,0.6,529.0,True,0.0,inf,1,62.2,False,1.0,0.0,,140.8,inf,inf
ad,33,45,185,100,0.34723,2,True,0.0,inf,2,742.2,True,0.0,inf,2,637.7,False,1.0,0.25500000000000006,,440.3,True,0.0,inf,2,699.7,True,0.0,inf,2,299.8,True,0.0,inf,2,678.0,True,0.0,inf,2,818.8,True,0.0,inf,2,1231.3,True,0.0,inf,2,0.4945,0.3,558.8,False,1.0,0.0,,203.3,False,1.0,0.0,,129.7,inf,inf
ad,34,46,189,100,0.09,2,True,0.0,inf,2,783.3,True,0.0,inf,2,708.2,False,1.0,0.255,,508.7,True,0.0,inf,2,781.3,False,1.0,0.255,,573.9,False,1.0,0.255,,561.1,True,0.0,inf,2,1053.4,True,0.0,inf,2,1222.0,True,0.0,inf,2,0.5246,0.3,574.7,False,1.0,0.0,,223.8,False,1.0,0.0,6,176.0,inf,inf
ad,35,47,186,100,0.44624,1,True,0.0,inf,1,481.8,True,0.0,inf,1,412.6,False,1.0,0.0,,228.0,True,0.0,inf,1,485.5,True,0.0,inf,1,472.5,True,0.0,inf,1,453.7,True,0.0,inf,1,648.3,True,0.0,inf,1,826.1,True,0.0,inf,1,0.2598,0.1,635.4,True,0.0,inf,1,67.1,False,1.0,0.0,,140.7,inf,inf
ad,36,48,191,100,0.239706,2,True,0.0,inf,2,689.1,True,0.0,inf,2,606.8,False,1.0,0.3642000000000001,,420.2,True,0.0,inf,2,715.9,True,0.0,inf,2,372.6,True,0.0,inf,2,372.3,True,0.0,inf,2,921.5,True,0.0,inf,2,1445.2,True,0.0,inf,2,0.3781,0.4,567.3,False,1.0,0.0,,188.7,False,1.0,0.3642000000000001,,158.0,inf,inf
ad,37,49,185,100,0.41843,1,True,0.0,inf,1,401.5,True,0.0,inf,1,350.3,False,1.0,0.0,,200.4,True,0.0,inf,1,400.3,True,0.0,inf,1,443.3,True,0.0,inf,1,365.8,True,0.0,inf,1,479.5,True,0.0,inf,1,640.6,True,0.0,inf,1,0.6281,0.6,573.9,True,0.0,inf,1,70.6,False,1.0,0.0,,151.7,inf,inf
ad,38,50,190,100,0.323008,1,True,0.0,inf,1,268.9,True,0.0,inf,1,217.9,True,0.0,inf,1,87.0,True,0.0,inf,1,269.3,True,0.0,inf,1,259.0,True,0.0,inf,1,137.8,True,0.0,inf,1,356.6,True,0.0,inf,2,1092.2,True,0.0,inf,1,0.5577,0.5,369.4,False,1.0,0.0,,153.5,False,0.02,0.27821,,10.9,inf,inf
ad,39,51,195,100,0.245,1,True,0.0,inf,1,477.2,True,0.0,inf,1,368.1,False,1.0,0.0,,211.2,True,0.0,inf,1,441.4,True,0.0,inf,1,476.3,True,0.0,inf,1,368.5,True,0.0,inf,1,556.5,True,0.0,inf,1,747.7,True,0.0,inf,1,0.8463,0.6,646.9,True,0.0,inf,1,78.6,False,1.0,0.0,,155.6,inf,inf
ad,40,52,198,100,0.494828,1,True,0.0,inf,1,453.1,True,0.0,inf,1,397.5,False,1.0,0.0,,226.1,True,0.0,inf,1,456.7,True,0.0,inf,1,486.5,True,0.0,inf,1,462.1,True,0.0,inf,1,558.7,True,0.0,inf,1,799.0,True,0.0,inf,1,0.4342,0.4,674.5,True,0.0,inf,1,82.8,False,1.0,0.15499999999999997,,176.9,inf,inf
ad,41,53,214,100,0.515956,1,True,0.0,inf,1,420.4,True,0.0,inf,1,409.4,False,1.0,0.0,,213.5,True,0.0,inf,1,421.3,True,0.0,inf,1,439.2,False,1.0,0.0,,211.2,True,0.0,inf,1,662.7,True,0.0,inf,1,890.8,True,0.0,inf,1,0.6855,0.5,644.1,True,0.0,inf,1,84.0,False,1.0,0.0,,164.7,inf,inf
ad,42,54,203,100,0.499796,1,True,0.0,inf,1,487.2,True,0.0,inf,1,339.3,False,1.0,0.0,,205.0,True,0.0,inf,1,460.8,True,0.0,inf,1,441.9,True,0.0,inf,1,394.9,True,0.0,inf,1,565.3,True,0.0,inf,1,691.4,True,0.0,inf,1,0.5544,0.5,640.5,True,0.0,inf,1,86.8,False,1.0,0.0,,156.5,inf,inf
ad,43,55,225,100,0.09,2,True,0.0,inf,2,523.0,True,0.0,inf,2,425.1,False,1.0,0.1,,638.6,True,0.0,inf,2,571.9,True,0.0,inf,2,522.0,True,0.0,inf,2,517.8,True,0.0,inf,2,651.1,True,0.0,inf,2,792.6,True,0.0,inf,2,0.5891,0.2,1055.8,False,1.0,0.0,,268.8,False,1.0,0.1,,188.1,inf,inf
ad,44,56,216,100,0.245,1,True,0.0,inf,1,419.4,True,0.0,inf,1,360.1,False,1.0,0.0,,210.2,True,0.0,inf,1,418.7,True,0.0,inf,1,478.8,True,0.0,inf,1,442.9,True,0.0,inf,1,619.7,True,0.0,inf,1,697.6,True,0.0,inf,1,0.536,0.6,579.7,True,0.0,inf,1,92.7,True,0.0,inf,3,9.2,inf,inf
ad,45,57,215,100,0.501468,1,True,0.0,inf,1,518.2,True,0.0,inf,1,379.8,False,1.0,0.0,,220.5,True,0.0,inf,1,475.9,True,0.0,inf,1,406.7,True,0.0,inf,1,336.4,True,0.0,inf,1,559.6,True,0.0,inf,1,869.2,True,0.0,inf,1,0.6939,0.9,688.1,True,0.0,inf,1,92.4,False,1.0,0.0,,168.1,inf,inf
ad,46,58,225,100,0.261654,2,True,0.0,inf,2,872.5,True,0.0,inf,2,762.9,False,1.0,0.34019800000000006,,592.0,True,0.0,inf,2,873.7,True,0.0,inf,2,859.7,True,0.0,inf,2,711.5,True,0.0,inf,2,1082.9,True,0.0,inf,2,1500.2,True,0.0,inf,2,0.6348,0.6,614.7,False,1.0,0.0,,145.5,False,1.0,0.34019800000000006,,104.0,inf,inf
ad,47,59,208,100,0.09,2,True,0.0,inf,2,443.8,True,0.0,inf,2,350.5,False,0.22,0.255,,312.5,True,0.0,inf,2,449.0,False,0.22,0.255,,465.3,False,0.22,0.255,,261.1,True,0.0,inf,2,443.0,True,0.0,inf,2,386.4,True,0.0,inf,2,0.2737,0.4,333.3,False,1.0,0.0,,163.3,False,1.0,0.23822800000000002,4,56.3,inf,inf
ad,48,60,221,100,0.603722,1,True,0.0,inf,1,461.5,True,0.0,inf,1,370.4,False,1.0,0.0,,221.9,True,0.0,inf,1,455.9,True,0.0,inf,1,435.5,True,0.0,inf,1,494.5,True,0.0,inf,1,569.3,True,0.0,inf,1,511.1,True,0.0,inf,1,0.4094,0.7,373.1,True,0.0,inf,1,54.6,False,1.0,0.0,,94.8,inf,inf
ad,49,12,68,40,0.60322,1,True,0.0,inf,1,80.9,True,0.0,inf,1,71.4,False,1.0,0.0,,38.8,True,0.0,inf,1,80.8,False,1.0,0.0,,39.7,False,1.0,0.0,,38.8,True,0.0,inf,1,306.5,True,0.0,inf,1,286.2,True,0.0,inf,1,0.9176,1.0,122.0,True,0.0,inf,1,14.3,False,1.0,0.0,9,32.6,inf,inf
